	file_name	citations	regulations	courts
0	052 - Nuance Communications Inc v ABBYY USA Software House Inc	['813 F.3d 1368', '805 F.3d 1368', '467 F.3d 1355', '299 F.3d 1313', '639 F.3d 1303']	['28 USC § 1295']	[('Federal Circuit', 'Appellate Court'), ('Northern District of California', 'Federal District Court'), ('Northern District of California', 'Bankruptcy Court')]
1	021 - Intellectual Ventures I LLC v Erie Indemnity Company	['850 F.3d 1315', '444 F.3d 1337', '718 P.2d 920', '583 F.3d 832', '776 F.3d 1343', '502 F.3d 263', '788 F.3d 1359', '566 U.S. 66', '838 F.3d 1253', '830 F.3d 1350', '823 F.3d 607', '827 F.3d 1341', '822 F.3d 1327', '772 F.3d 709', '625 F.3d 1359', '517 F.3d 1284', '211 F.3d 1245', '850 F.3d 1332', '2017 WL 900031']	['35 USC § 101', '28 USC § 1295', '35 USC § 261']	[('Federal Circuit', 'Appellate Court'), ('Western District of Pennsylvania', 'Federal District Court'), ('Western District of Pennsylvania', 'Bankruptcy Court'), ('Third Circuit', 'Appellate Court')]
2	040 - Sioux Honey Ass'n v Hartford Fire Ins Co	['672 F.3d 1041', '200 F.3d 1369', '517 F.3d 1319', '453 F.3d 1355', '486 U.S. 800', '994 F.2d 832', '880 F.2d 401', '464 U.S. 16', '556 U.S. 303', '542 U.S. 88', '201 F.3d 1352', '490 U.S. 545', '417 F.3d 1366', '331 F.3d 891', '258 F.3d 1349', '342 F.3d 1313', '226 U.S. 220', '124 F.3d 1269', '255 F.3d 1347', '542 U.S. 55', '556 U.S. 662', '561 U.S. 247']	['19 USC § 1675c', '19 USC § 1675', '28 USC § 1295', '28 USC § 1585', '28 USC § 1367', '28 USC § 1583', '28 USC § 451', '19 CFR § 113', '19 USC § 1623', '5 USC § 501', '19 USC § 1671', '114 Stat. 1549', '120 Stat. 4', '94 Stat. 1727']	[('Federal Circuit', 'Appellate Court'), ('United States Court of International Trade', 'Federal Court'), ('International Trade Commission', 'Federal Court')]
3	021 - Aspex Eyewear Inc v Zenni Optical Inc	['713 F.3d 1377', '439 U.S. 322', '342 F.3d 1320', '672 F.3d 1335', '223 F.3d 1324', '617 F.3d 1296', '580 F.3d 1281', '553 U.S. 880', '30 F.3d 1459', '525 F.2d 1367', '470 U.S. 373', '2012 WL 6634227', '836 F.2d 1320']	[]	[('Federal Circuit', 'Appellate Court'), ('Southern District of Florida', 'Federal District Court'), ('Southern District of Florida', 'Bankruptcy Court'), ('Eleventh Circuit', 'Appellate Court')]
4	056 - Soverain Software LLC v Newegg Inc	['728 F.3d 1332', '705 F.3d 1333', '2013 WL 2631445', '477 U.S. 242', '725 F.2d 1338', '550 U.S. 398']	[]	[('Federal Circuit', 'Appellate Court'), ('Eastern District of Texas', 'Federal District Court'), ('Eastern District of Texas', 'Bankruptcy Court')]
5	100 - In re Geller	['751 F.3d 1355', '33 F.3d 1367', '702 F.3d 633']	['15 USC § 1052', '28 USC § 1295', '18 USC § 2331', '116 Stat. 721']	[('Federal Circuit', 'Appellate Court'), ('Trademark Trial and Appeal Board', 'Federal Court')]
6	08 - Boeri v US	['724 F.3d 1367', '2012 WL 643901', '519 U.S. 347', '558 F.3d 1331', '231 F.3d 1349', '287 U.S. 435', '240 U.S. 1', '301 U.S. 548']	['26 CFR § 1', '26 USC § 6511']	[('Federal Circuit', 'Appellate Court'), ('United States Court of Federal Claims', 'Federal Court')]
7	080 - Harmonic Inc v Avid Technology Inc	['815 F.3d 1356', '678 F.3d 1357', '383 U.S. 1', '2013 WL 8595955', '759 F.3d 1333', '818 F.2d 841', '803 F.3d 652', '749 F.3d 1373', '793 F.3d 1306', '814 F.3d 1309', '2016 WL 520236', '467 U.S. 837', '2014 WL 3422011']	['37 CFR § 42', '35 USC § 102', '35 USC § 103', '28 USC § 1295', '35 USC § 141', '35 USC § 312', '35 USC § 314', '35 USC § 315', '35 USC § 318', '35 USC § 316', '125 Stat. 284']	[('Federal Circuit', 'Appellate Court'), ('Patent Trial and Appeal Board', 'Federal Court')]
8	095 - Ethicon EndoSurgery Inc v Covidien LP	['826 F.3d 1366', '425 U.S. 185', '104 U.S. 356', '18 F.3d 921']	['35 USC § 314', '35 USC § 6', '37 CFR § 42']	[('Federal Circuit', 'Appellate Court'), ('Patent Trial and Appeal Board', 'Federal Court')]
9	039 - OIP Technologies Inc v Amazoncom Inc	['788 F.3d 1359', '714 F.3d 1277', '728 F.3d 1336', '561 U.S. 593', '772 F.3d 709', '776 F.3d 1343', '687 F.3d 1266', '773 F.3d 1245', '450 U.S. 175', '550 U.S. 544', '765 F.3d 1350']	['35 USC § 101', '28 USC § 1295']	[('Federal Circuit', 'Appellate Court'), ('Northern District of California', 'Federal District Court'), ('Northern District of California', 'Bankruptcy Court'), ('Ninth Circuit', 'Appellate Court')]
10	051 - Kaneka Corp v Xiamen Kingdomway Group Co	['790 F.3d 1298', '442 F.3d 1322', '260 F.3d 1326', '769 F.3d 1371', '626 F.3d 1040', '647 F.3d 1353', '657 F.3d 936', '783 F.3d 1262', '415 F.3d 1303', '90 F.3d 1576', '474 F.3d 1323', '521 F.3d 1351', '409 U.S. 63', '286 F.3d 1326', '863 F.2d 855', '690 F.3d 1318', '358 F.3d 898', '473 F.3d 1213', '320 F.3d 1339']	['28 USC § 1295']	[('Federal Circuit', 'Appellate Court'), ('Central District of California', 'Federal District Court'), ('Central District of California', 'Bankruptcy Court'), ('Ninth Circuit', 'Appellate Court'), ('International Trade Commission', 'Federal Court'), ('Southern District of Texas', 'Federal District Court'), ('Southern District of Texas', 'Bankruptcy Court')]
11	091 - Novartis AG v Noven Pharmaceuticals Inc	['853 F.3d 1289', '2015 WL 5782080', '2015 WL 5782081', '2015 WL 9599194', '2015 WL 9599195', '811 F.3d 435', '842 F.3d 1376', '203 F.3d 1305', '383 U.S. 1', '383 U.S. 39', '678 F.3d 1357', '832 F.3d 1327', '441 F.3d 977', '560 F.3d 1331', '843 F.3d 1345', '371 U.S. 156']	['28 USC § 1295', '35 USC § 103', '35 USC § 316', 'Public Law No. 112-29', '125 Stat. 284']	[('Federal Circuit', 'Appellate Court'), ('Patent Trial and Appeal Board', 'Federal Court'), ('District of Delaware', 'Federal District Court'), ('District of Delaware', 'Bankruptcy Court')]
12	064 - In re Rambus Inc	['753 F.3d 1253', '265 F.3d 1371', '415 F.3d 1303', '694 F.3d 42', '339 F.3d 1373', '827 F.2d 744', '952 F.2d 388', '217 F.3d 1365', '203 F.3d 1305']	['35 USC § 315']	[('Federal Circuit', 'Appellate Court'), ('Patent Trial and Appeal Board', 'Federal Court')]
13	073 - In re Dinsmore	['757 F.3d 1343', '2013 WL 5274029', '131 F.3d 1464', '953 F.2d 613', '679 F.3d 1335', '640 F.3d 1246', '466 F.3d 1047', '443 F.2d 1200', '703 F.3d 511', '479 F.3d 1359', '581 F.2d 251', '550 F.2d 1277']	['35 USC § 251', '37 CFR § 1', '37 CFR 1', '28 USC § 1295']	[('Federal Circuit', 'Appellate Court'), ('Patent Trial and Appeal Board', 'Federal Court')]
14	041 - Memorylink Corp v Motorola Inc	['676 F.3d 1051', '676 F.3d 1024', '545 U.S. 308', '103 F.3d 1554', '407 U.S. 191', '111 U.S. 379', '504 F.3d 1262', '504 F.3d 1281', '596 F.3d 1355']	[]	[('Federal Circuit', 'Appellate Court'), ('Northern District of Illinois', 'Federal District Court'), ('Northern District of Illinois', 'Bankruptcy Court'), ('Seventh Circuit', 'Appellate Court')]
15	075 - CEATS Inc v Continental Airlines Inc	['755 F.3d 1356', '346 S.W.3d 85', '457 F.3d 1322', '198 F.3d 1363', '335 F.3d 476', '486 U.S. 847', '396 F.3d 632', '62 F.3d 767', '640 F.3d 53', '609 F.2d 1101', '340 U.S. 193', '393 U.S. 145']	['28 USC § 1292', '28 USC 1295', '28 USC § 455']	[('Federal Circuit', 'Appellate Court'), ('Eastern District of Texas', 'Federal District Court'), ('Eastern District of Texas', 'Bankruptcy Court'), ('Fifth Circuit', 'Appellate Court')]
16	075 - Internet Patents Corp v Active Network Inc	['790 F.3d 1343', '561 U.S. 593', '450 U.S. 175', '674 F.3d 1315', '728 F.3d 1336', '758 F.3d 1344', '409 U.S. 63', '687 F.3d 1266', '888 F.2d 835']	['35 USC § 101']	[('Federal Circuit', 'Appellate Court'), ('Northern District of California', 'Federal District Court'), ('Northern District of California', 'Bankruptcy Court')]
17	072 - JVC Kenwood Corp v Nero Inc	['797 F.3d 1039', '477 U.S. 242', '658 F.3d 1108', '641 F.3d 1352', '12 F.3d 892', '340 F.3d 1298', '525 F.3d 822', '734 F.3d 1361']	[]	[('Federal Circuit', 'Appellate Court'), ('Central District of California', 'Federal District Court'), ('Central District of California', 'Bankruptcy Court'), ('Ninth Circuit', 'Appellate Court')]
18	047 - Williamson v Citrix Online LLC	['770 F.3d 1371', '744 F.3d 1272', '415 F.3d 1303', '161 F.3d 696', '299 F.3d 1313', '381 F.3d 1111', '469 F.3d 1005', '382 F.3d 1354', '649 F.3d 1350', '379 F.3d 1311', '462 F.3d 1344', '325 F.3d 1364', '1998 WL 513598', '427 F.3d 1361', '769 F.3d 1094', '521 F.3d 1328', '757 F.3d 1286']	['35 USC § 112', '28 USC § 1295']	[('Federal Circuit', 'Appellate Court'), ('Central District of California', 'Federal District Court'), ('Central District of California', 'Bankruptcy Court'), ('International Trade Commission', 'Federal Court')]
19	085 - Fairchild (Taiwan) Corporation v Power Integrations Inc	['854 F.3d 1364', '843 F.3d 1315', '661 F.3d 629']	['35 USC § 103', '35 USC § 317', '28 USC § 1338']	[('Federal Circuit', 'Appellate Court'), ('Patent Trial and Appeal Board', 'Federal Court')]
20	078 - Versata Development Group Inc v SAP America Inc	['793 F.3d 1306', '717 F.3d 1255', '749 F.3d 1379', '749 F.3d 1376', '767 F.3d 1383', '476 U.S. 667', '387 U.S. 136', '467 U.S. 340', '654 F.3d 1268', '150 F.3d 1362', '110 F.3d 786', '83 F.3d 1394', '674 F.3d 1315', '383 U.S. 1', '774 F.2d 448', '543 F.3d 657', '2015 WL 494840', '2014 WL 4229953', '437 U.S. 584', '409 U.S. 63', '450 U.S. 175', '776 F.3d 1343', '687 F.3d 1266', '654 F.3d 1366', '773 F.3d 1245', '788 F.3d 1359', '655 F.3d 1291', '601 F.3d 1319', '67 F.3d 284', '704 F.3d 946', '793 F.3d 1268', '2015 WL 4097949', '82 F.3d 1304', '358 U.S. 184', '764 F.3d 955', '279 F.3d 447', '176 F.3d 283', '841 F.2d 278', '848 F.2d 217', '789 F.3d 1309', '520 U.S. 154', '449 U.S. 232', '442 U.S. 444', '782 F.3d 1376', '529 U.S. 1', '778 F.3d 1271', '561 U.S. 593']	['37 CFR § 42', '5 USC § 704', '28 USC § 1295', '35 USC § 101', '35 USC § 324', '35 USC § 326', '35 USC § 102', '35 USC § 103', '35 USC § 329', '5 USC § 701', '5 USC § 8128', '5 USC § 8347', '38 USC § 7292', '8 USC § 1160', '12 USC § 1818', '35 USC § 314', '35 USC § 6', '5 USC § 702', '125 Stat. 284']	[('Federal Circuit', 'Appellate Court'), ('Patent Trial and Appeal Board', 'Federal Court'), ('Eastern District of Texas', 'Federal District Court'), ('Eastern District of Texas', 'Bankruptcy Court'), ('Eastern District of Virginia', 'Federal District Court'), ('Eastern District of Virginia', 'Bankruptcy Court'), ('United States Court of Appeals for the Federal Circuit', 'Federal Court')]
21	065 - Luminara Worldwide LLC v Liown Electronics Co Ltd	['814 F.3d 1343', '2015 WL 1967250', '2015 WL 3559273', '499 F.3d 1332', '631 F.3d 1257', '222 F.3d 1372', '434 F.3d 1336', '604 F.3d 1354', '944 F.2d 870', '239 F.3d 1343', '555 U.S. 7', '678 F.3d 1314', '750 F.3d 1304', '242 F.3d 1337', '811 F.3d 1359', '717 F.3d 929', '452 F.3d 1312', '141 F.2d 3', '18 F.R.D. 258']	['28 USC § 1295', '35 USC § 281']	[('Federal Circuit', 'Appellate Court'), ('District of Minnesota', 'Federal District Court'), ('District of Minnesota', 'Bankruptcy Court')]
22	051 - Ultramercial Inc v Hulu LLC	['722 F.3d 1335', '657 F.3d 1323', '403 F.3d 1050', '558 F.3d 1359', '717 F.3d 1269', '2013 WL 1920941', '550 U.S. 544', '549 U.S. 199', '627 F.3d 859', '659 F.3d 1057', '545 F.3d 943', '409 U.S. 63', '671 F.3d 1317', '450 U.S. 175', '596 F.2d 952', '654 F.3d 1366', '2010 WL 3360098']	['35 USC § 101', '28 USC § 1295', '35 USC § 112']	[('Federal Circuit', 'Appellate Court'), ('Central District of California', 'Federal District Court'), ('Central District of California', 'Bankruptcy Court'), ('United States Court of Appeals for the Federal Circuit', 'Federal Court'), ('United States Supreme Court', 'Court of Last Resort'), ('Ninth Circuit', 'Appellate Court')]
23	007 - Robert Bosch LLC v Pylon Mfg Corp	['719 F.3d 1305', '449 U.S. 368', '490 U.S. 730', '221 U.S. 1', '527 U.S. 1', '56 U.S. 546', '15 How. 546', '131 U.S. 159', '165 U.S. 518', '224 U.S. 1', '225 U.S. 604', '235 U.S. 383', '166 F. 120', '7 F. 477', '130 U.S. 152', '155 U.S. 565', '216 F. 610', '235 U.S. 641', '331 U.S. 96', '461 U.S. 648', '336 U.S. 271', '179 F.2d 785', '471 F.2d 308', '41 F.2d 619', '93 F.2d 625', '269 F.3d 1340', '745 F.2d 630', '761 F.2d 649', '369 U.S. 469', '36 F.3d 106', '516 U.S. 137', '851 F.2d 1158', '504 U.S. 255', '885 F.2d 1248', '854 F.2d 461', '750 F.2d 1552', '482 F.3d 1347', '576 F.3d 1331', '552 U.S. 130', '491 U.S. 164', '133 U.S. 697', '261 F. 201', '283 F. 873', '12 F.2d 207', '92 F.2d 628', '61 F.2d 648', '289 U.S. 752', '66 F.2d 361', '290 U.S. 681', '201 F.2d 403', '437 U.S. 463', '309 U.S. 323', '497 F.3d 1360', '272 U.S. 701', '19 F.2d 320', '208 F.2d 1', '59 F.2d 525', '37 F.2d 62', '98 F.2d 42', '417 U.S. 156', '339 F.3d 1347', '503 U.S. 249', '45 F.2d 693', '165 F. 442', '717 F.2d 1380', '543 F.3d 1351', '567 F.3d 1314', '620 F.3d 1305', '970 F.2d 816', '598 F.3d 831', '549 U.S. 118', '547 U.S. 388', '324 U.S. 229', '418 U.S. 683', '776 F.2d 1563', '415 F.3d 354', '897 F.2d 815', '57 F.3d 673', '238 F.3d 1259', '511 U.S. 863', '541 U.S. 246', '377 U.S. 476', '414 F.2d 1249', '573 F.3d 947', '294 F.2d 486', '266 U.S. 548', '798 F.2d 1390', '918 F.2d 160', '484 F.3d 1359', '26 F.3d 1573', '458 U.S. 263', '431 F.3d 1353', '12 F.3d 1005', '815 F.2d 1033', '32 F. 292', '251 F. 295', '682 F.3d 1003', '283 U.S. 494', '787 F.2d 1545', '251 F.3d 448', '874 F.2d 1528', '718 F.2d 553', '352 F.2d 150', '336 F.2d 406', '80 F.3d 1566', '424 U.S. 737', '478 F.3d 767', '975 F.2d 483', '346 F.3d 734', '351 F.2d 552', '285 F.2d 596', '536 F.3d 1311']	['28 USC § 1292', '28 USC § 1295', '28 USC § 227a', '35 USC § 284', '35 USC § 70', '35 USC § 289', '16 Stat. 201', '42 Stat. 392', '60 Stat. 778', '96 Stat. 25', '42 Stat. 389', '16 Stat. 198']	[('Federal Circuit', 'Appellate Court'), ('District of Delaware', 'Federal District Court'), ('District of Delaware', 'Bankruptcy Court'), ('United States Court of Appeals for the Federal Circuit', 'Federal Court'), ('Seventh Circuit', 'Appellate Court'), ('Ninth Circuit', 'Appellate Court'), ('Southern District of California', 'Federal District Court'), ('Southern District of California', 'Bankruptcy Court'), ('Second Circuit', 'Appellate Court'), ('Third Circuit', 'Appellate Court'), ('Tenth Circuit', 'Appellate Court')]
24	040 - Bosch Automotive Service Solutions LLC v Matal	['878 F.3d 1027', '2015 WL 2149218', '818 F.3d 1307', '203 F.3d 1305', '305 U.S. 197', '808 F.3d 829', '381 F.3d 1320', '755 F.2d 898', '463 F.3d 1299', '838 F.3d 1214', '229 F.3d 1120', '75 F.3d 1568', '818 F.3d 694', '841 F.3d 954', '57 F.3d 1573', '659 F.3d 1376', '523 F.3d 1323', '504 F.3d 1236', '783 F.3d 1374', '875 F.3d 1360', '748 F.3d 1134', '872 F.3d 1290', '654 F.3d 1268']	['28 USC § 1295', '5 USC § 706', '35 USC § 103', '35 USC § 112', '125 Stat. 284']	[('Federal Circuit', 'Appellate Court'), ('Patent Trial and Appeal Board', 'Federal Court')]
25	001 - Intellectual Ventures I LLC v Motorola Mobility LLC	['870 F.3d 1320', '626 F.3d 1197', '582 F.3d 447', '598 F.3d 1336', '659 F.3d 1345', '415 F.3d 1303', '157 F.3d 1340', '199 F.3d 1295', '340 F.3d 1314', '598 F.3d 831', '699 F.3d 1305', '418 F.3d 1282', '631 F.3d 1279', '800 F.2d 1091', '686 F.3d 1322', '550 U.S. 398', '892 F.2d 1547', '386 F.3d 21', '229 F.3d 617']	['28 USC § 1292', '35 USC § 112', '35 USC § 271', '35 USC § 103']	[('Federal Circuit', 'Appellate Court'), ('District of Delaware', 'Federal District Court'), ('District of Delaware', 'Bankruptcy Court')]
26	023 - Saffran v Johnson And Johnson	['712 F.3d 549', '517 U.S. 370', '363 F.3d 1219', '47 F.3d 695', '118 F.3d 268', '329 F.3d 823', '415 F.3d 1303', '124 F.3d 1419', '239 F.3d 1225', '939 F.2d 1533', '214 F.3d 1302', '582 F.3d 1322', '508 F.3d 1366', '334 F.3d 1314', '262 F.3d 1258']	['35 USC § 112', '28 USC § 1295']	[('Federal Circuit', 'Appellate Court'), ('Eastern District of Texas', 'Federal District Court'), ('Eastern District of Texas', 'Bankruptcy Court'), ('Fifth Circuit', 'Appellate Court')]
27	064 - GTNX Inc v INTTRA Inc	['789 F.3d 1309', '2014 WL 7723800', '778 F.3d 1271', '749 F.3d 1379', '476 U.S. 355', '456 F.3d 178', '430 U.S. 99']	['37 CFR § 42', '35 USC § 325', '35 USC § 141', '28 USC § 1295', '35 USC § 314', '28 USC § 1651', '125 Stat. 284']	[('Federal Circuit', 'Appellate Court'), ('Patent Trial and Appeal Board', 'Federal Court'), ('Northern District of California', 'Federal District Court'), ('Northern District of California', 'Bankruptcy Court')]
28	025 - Medgraph Inc v Medtronic Inc	['843 F.3d 942', '629 F.3d 1311', '692 F.3d 1301', '786 F.3d 899', '786 F.3d 892', '643 F.3d 352', '477 U.S. 242', '787 F.3d 1359', '659 F.3d 1121', '406 F.3d 1359', '520 U.S. 17', '520 F.3d 1358', '347 F.3d 1367', '415 F.3d 1303']	['28 USC § 1295']	[('Federal Circuit', 'Appellate Court'), ('Second Circuit', 'Appellate Court')]
29	082 - Apple Inc v Samsung Electronics Co Ltd	['816 F.3d 788', '809 F.3d 633', '757 F.3d 1286', '550 U.S. 398', '676 F.3d 1063', '776 F.2d 281', '809 F.3d 1307', '391 F.3d 1195', '754 F.3d 952', '27 F.3d 551', '616 F.3d 1231', '596 F.3d 1343', '381 F.3d 1320', '796 F.2d 436', '617 F.3d 1296', '626 F.3d 1361', '632 F.3d 1358', '485 F.3d 1157', '735 F.3d 1333', '227 F.3d 1361', '618 F.3d 1294', '587 F.3d 1324', '278 F.3d 1366', '713 F.2d 1530', '383 U.S. 39', '713 F.2d 693', '532 F.3d 1318', '683 F.3d 1356', '239 F.3d 1343', '602 F.3d 1325', '812 F.3d 1023', '2016 WL 145576', '700 F.3d 1348', '463 F.3d 1299', '740 F.2d 1560', '704 F.3d 958', '540 F.3d 1337', '52 F.3d 967', '415 F.3d 1303', '334 F.3d 1274', '599 F.3d 1343']	['28 USC § 1295', '35 USC § 103']	[('Federal Circuit', 'Appellate Court'), ('Northern District of California', 'Federal District Court'), ('Northern District of California', 'Bankruptcy Court'), ('Ninth Circuit', 'Appellate Court')]
30	030 - Gilead Sciences Inc v Lee	['778 F.3d 1341', '723 F.3d 1376', '467 U.S. 837', '778 F.3d 1271', '2015 WL 448667', '533 U.S. 218', '675 F.3d 1319', '479 U.S. 36', '447 U.S. 102', '562 U.S. 277', '24 F.3d 1390', '532 U.S. 105', '545 U.S. 546', '361 U.S. 304', '330 U.S. 258']	['37 CFR § 1', '35 USC § 154', '35 USC § 156', '5 USC § 706', '28 USC § 1295', '35 USC § 132', '108 Stat. 4809', '98 Stat. 1585', '113 Stat. 1501']	[('Federal Circuit', 'Appellate Court'), ('Eastern District of Virginia', 'Federal District Court'), ('Eastern District of Virginia', 'Bankruptcy Court')]
31	087 - Howmedica Osteonics Corp v Zimmer Inc	['822 F.3d 1312', '601 F.3d 212', '477 U.S. 242', '467 F.3d 1355', '521 F.3d 1351', '639 F.3d 1329', '537 F.3d 1342', '558 F.3d 1368', '7 F.3d 1571', '811 F.3d 1314', '289 F.3d 761']	['28 USC § 1295', '35 USC § 112']	[('Federal Circuit', 'Appellate Court'), ('District of New Jersey', 'Federal District Court'), ('District of New Jersey', 'Bankruptcy Court'), ('Third Circuit', 'Appellate Court')]
32	058 - Xilinx Inc v Papst Licensing GmbH And Co KG	['848 F.3d 1346', '2015 WL 3400564', '552 F.3d 1324', '567 U.S. 298', '566 F.3d 1012', '340 F.3d 1344', '123 F.3d 1455', '249 F.3d 1356', '357 U.S. 235', '564 U.S. 915', '466 U.S. 408', '542 F.3d 879', '444 F.3d 1356', '297 F.3d 1343', '471 U.S. 462', '480 U.S. 102', '549 U.S. 118', '84 F.3d 424', '326 F.3d 1194', '444 U.S. 286']	['28 USC § 1295', '35 USC § 293']	[('Federal Circuit', 'Appellate Court'), ('Northern District of California', 'Federal District Court'), ('Northern District of California', 'Bankruptcy Court'), ('District of Delaware', 'Federal District Court'), ('District of Delaware', 'Bankruptcy Court'), ('Eastern District of Virginia', 'Federal District Court'), ('Eastern District of Virginia', 'Bankruptcy Court')]
33	095 - ClearCorrect Operating LLC v International Trade Com'n	"['819 F.3d 1334', '464 U.S. 417', '796 F.3d 1338', '810 F.3d 1283', '68 C.C.P.A. 93', '799 F.2d 1572', '392 U.S. 390', '422 U.S. 151', '450 U.S. 175', '447 U.S. 303', '580 F.3d 1301', ""30 Ct. Int'l Trade 124"", '531 U.S. 457', '167 F. 309', '44 C.C.P.A. 144', '467 U.S. 837', '28 C.C.P.A. 10', '528 U.S. 141', '25 U.S. 419', '12 Wheat. 419', '262 U.S. 100', '494 U.S. 83', '484 U.S. 112', '503 U.S. 407', '661 F.3d 1322', '362 F.3d 1359', '151 F.3d 1376', '243 F.3d 1301', '534 U.S. 327', '324 U.S. 83']"	['19 USC § 1337', '22 USC § 2753', '22 USC § 2778', '22 CFR § 120', '82 Stat. 1320', '102 Stat. 1107', '129 Stat. 320']	[('Federal Circuit', 'Appellate Court'), ('International Trade Commission', 'Federal Court')]
34	030 - Otsuka Pharmaceutical Co Ltd v Sandoz Inc	['678 F.3d 1280', '2010 U.S. Dist. LEXIS 132595', '2010 WL 4596324', '383 U.S. 1', '759 F.2d 887', '365 F.3d 1054', '333 U.S. 364', '533 F.3d 1353', '492 F.3d 1350', '566 F.3d 999', '566 F.3d 989', '471 F.3d 1369', '231 F.3d 1339', '655 F.3d 1352', '747 F.2d 703', '480 F.3d 1348', '919 F.2d 688', '550 U.S. 398', '499 F.3d 1293', '444 F.2d 581', '922 F.2d 792', '224 F.3d 1320', '119 F.3d 960', '349 F.3d 1373', '576 F.3d 1331', '319 F.2d 225']	['35 USC § 103', '35 USC § 271', '28 USC § 1295', '35 USC § 101']	[('Federal Circuit', 'Appellate Court'), ('District of New Jersey', 'Federal District Court'), ('District of New Jersey', 'Bankruptcy Court')]
35	025 - 3M Innovative Properties Co v Tredegar Corp	['725 F.3d 1315', '2011 WL 6004023', '138 F.3d 1448', '415 F.3d 1303', '617 F.3d 1282', '566 F.3d 1282', '674 F.3d 1365', '617 F.3d 1319', '133 F.3d 1473', '595 F.3d 1340', '90 F.3d 1576', '375 F.3d 1126', '334 F.3d 1314', '549 F.3d 1394', '686 F.3d 1335', '692 F.3d 1272', '616 F.3d 1267', '669 F.3d 1362', '503 F.3d 1295', '158 F.3d 1243', '423 F.3d 1296', '388 F.3d 858', '675 F.3d 1324', '537 F.3d 1357', '642 F.3d 1355', '16 U.S. 610', '3 Wheat. 610', '489 U.S. 235', '262 F.3d 1258', '246 F.3d 1336']	['28 USC § 1295', '35 USC § 112']	[('Federal Circuit', 'Appellate Court'), ('District of Minnesota', 'Federal District Court'), ('District of Minnesota', 'Bankruptcy Court')]
36	040 - Aevoe Corp v AE Tech Co Ltd	['727 F.3d 1375', '338 F.3d 1058', '818 F.2d 841', '322 F.3d 1123', '338 F.3d 1353', '476 F.3d 1329', '544 F.3d 1341', '165 F.3d 891', '158 F.3d 1035', '67 F.3d 234', '400 F.3d 1119', '646 F.3d 869', '739 F.2d 1149', '96 F.3d 1390', '42 F.2d 832', '414 U.S. 168', '324 U.S. 9', '91 F.3d 914']	['35 USC § 271', '28 USC § 1292']	[('Federal Circuit', 'Appellate Court'), ('District of Nevada', 'Federal District Court'), ('District of Nevada', 'Bankruptcy Court'), ('Ninth Circuit', 'Appellate Court'), ('Northern District of California', 'Federal District Court'), ('Northern District of California', 'Bankruptcy Court')]
37	007 - In re Morsa	['713 F.3d 104', '381 F.3d 1125', '203 F.3d 1305', '305 U.S. 197', '308 F.3d 1317', '689 F.3d 1282', '676 F.3d 1063', '383 U.S. 1', '494 F.2d 1399', '314 F.3d 1313']	['28 USC § 1295', '35 USC § 112']	[('Federal Circuit', 'Appellate Court')]
38	020 - Halo Electronics Inc v Pulse Electronics Inc	['831 F.3d 1369', '2013 WL 2319145', '2013 WL 4458754', '497 F.3d 1360', '780 F.3d 1357', '2015 WL 3878398', '2015 WL 4550375', '626 F.3d 1040', '477 U.S. 242', '550 U.S. 437', '21 F.3d 1558', '471 U.S. 462', '523 F.3d 1353', '420 F.3d 1369', '418 F.3d 1282', '617 F.3d 1296', '711 F.3d 1348', '160 F.3d 1373']	['35 USC § 284', '35 USC § 285', '35 USC § 271', '28 USC § 1295']	[('Federal Circuit', 'Appellate Court'), ('District of Nevada', 'Federal District Court'), ('District of Nevada', 'Bankruptcy Court'), ('United States Supreme Court', 'Court of Last Resort'), ('Ninth Circuit', 'Appellate Court')]
39	077 - In re Imes	['778 F.3d 1250']	['28 USC § 1295']	[('Federal Circuit', 'Appellate Court'), ('Patent Trial and Appeal Board', 'Federal Court')]
40	014 - In re Procter And Gamble Co	['749 F.3d 1376', '749 F.3d 1373', '749 F.3d 1379', '542 U.S. 367', '490 U.S. 296', '516 F.3d 1003']	['28 USC § 1651', '35 USC § 315', '35 USC § 314']	[('Federal Circuit', 'Appellate Court'), ('Southern District of Ohio', 'Federal District Court'), ('Southern District of Ohio', 'Bankruptcy Court'), ('District of New Jersey', 'Federal District Court'), ('District of New Jersey', 'Bankruptcy Court'), ('Patent Trial and Appeal Board', 'Federal Court')]
41	027 - David Netzer Consulting Engineer LLC v Shell Oil Company	['824 F.3d 989', '634 F.3d 808', '477 U.S. 242', '659 F.3d 1121', '787 F.3d 1359', '415 F.3d 1303', '90 F.3d 1576', '778 F.3d 1021', '242 F.3d 1337', '520 U.S. 17']	['28 USC § 1295']	[('Federal Circuit', 'Appellate Court'), ('Southern District of Texas', 'Federal District Court'), ('Southern District of Texas', 'Bankruptcy Court'), ('Fifth Circuit', 'Appellate Court')]
42	054 - Aventis Pharma SA v Hospira Inc	['675 F.3d 1324', '138 F.3d 1448', '415 F.3d 1303', '586 F.3d 1376', '669 F.3d 1362', '288 F.3d 1359', '299 F.3d 1313', '667 F.3d 1270', '561 F.3d 1351', '550 U.S. 398', '383 U.S. 1', '619 F.3d 1329', '778 F.2d 775', '651 F.3d 1303', '614 F.3d 57', '649 F.3d 1276']	['35 USC § 271', '35 USC § 103', '28 USC § 1295']	[('Federal Circuit', 'Appellate Court'), ('District of Delaware', 'Federal District Court'), ('District of Delaware', 'Bankruptcy Court'), ('Third Circuit', 'Appellate Court')]
43	097 - In re NuVasive Inc	['841 F.3d 966', '2015 WL 996353', '2015 WL 996354', '660 F.3d 1341', '805 F.3d 1064', '818 F.3d 1293', '661 F.3d 1316', '829 F.3d 1364', '418 F.3d 1361', '733 F.3d 329']	['35 USC § 103', '28 USC § 1295', '5 USC § 706', '5 USC § 554', '37 CFR § 42']	[('Federal Circuit', 'Appellate Court'), ('Patent Trial and Appeal Board', 'Federal Court')]
44	037 - Sanofi v Watson Laboratories Inc	['875 F.3d 636', '633 F.3d 1042', '563 U.S. 754', '545 U.S. 913', '471 F.3d 1293', '917 F.2d 544', '501 F.3d 1307', '550 F.3d 1325', '785 F.3d 625', '581 F.3d 1317', '726 F.3d 1286', '846 F.3d 1213', '491 F.3d 1342', '780 F.3d 1337', '492 F.3d 1326', '717 F.3d 929']	['21 USC § 355', '35 USC § 271', '28 USC § 1295', '35 USC § 103', '45 CFR § 46', 'Public Law No. 112-29', '125 Stat. 284']	[('Federal Circuit', 'Appellate Court'), ('District of Delaware', 'Federal District Court'), ('District of Delaware', 'Bankruptcy Court')]
45	092 - Amgen Inc v Apotex Inc	['827 F.3d 1052', '746 F.3d 1371', '749 F.3d 967', '470 F.3d 1368', '551 U.S. 644', '531 U.S. 230', '523 U.S. 26', '328 U.S. 395', '361 U.S. 288', '532 U.S. 483', '552 U.S. 214', '495 U.S. 641', '547 U.S. 388']	['42 USC § 262', '35 USC § 271', '28 USC § 2201', '21 USC § 355', '28 USC § 1292', '1318 USC § 271', 'Public Law No. 111-148', '124 Stat. 119']	[('Federal Circuit', 'Appellate Court'), ('Southern District of Florida', 'Federal District Court'), ('Southern District of Florida', 'Bankruptcy Court')]
46	067 - US v Nitek Electronics Inc	['806 F.3d 1376', '2012 WL 3195084', '567 F.3d 1356', '556 U.S. 662', '550 U.S. 544', '733 F.3d 1140', '502 F.3d 1370', '463 F.3d 1286', '793 F.2d 296']	['19 USC § 1592', '28 USC § 1582', '28 USC § 1295', '19 USC § 1618', '28 USC § 2637']	[('Federal Circuit', 'Appellate Court'), ('United States Court of International Trade', 'Federal Court')]
47	086 - CBT Flint Partners LLC v Return Path Inc	['737 F.3d 1320', '482 U.S. 437', '661 F.3d 1361', '2013 WL 1876441', '2013 WL 1402736', '405 F.3d 415', '97 F.3d 1393', '674 F.3d 158', '718 F.3d 249', '2013 WL 1192947', '2012 WL 6761576', '2011 WL 1599580', '2010 WL 5093945', '2010 WL 5093944', '216 F.3d 970', '664 F.2d 652', '295 F.3d 1292', '436 U.S. 816', '399 U.S. 267']	['28 USC § 1920', '28 USC § 1295']	[('Federal Circuit', 'Appellate Court'), ('Northern District of Georgia', 'Federal District Court'), ('Northern District of Georgia', 'Bankruptcy Court'), ('Eleventh Circuit', 'Appellate Court'), ('Ninth Circuit', 'Appellate Court'), ('Third Circuit', 'Appellate Court'), ('Fourth Circuit', 'Appellate Court'), ('Fifth Circuit', 'Appellate Court')]
48	094 - EnOcean GmbH v Face Intern Corp	['742 F.3d 955', '649 F.3d 1350', '514 F.3d 1256', '161 F.3d 696', '288 F.3d 1359', '711 F.3d 1348', '448 F.3d 1357', '574 F.3d 1371', '379 F.3d 1311', '697 F.3d 1367', '107 F.3d 1565', '204 F.3d 1094', '543 F.3d 710', '490 F.3d 946', '656 F.3d 1293', '599 F.3d 1308', '603 F.3d 1255']	['35 USC § 103', '37 CFR § 41', '28 USC § 1295', '35 USC § 112', '35 USC § 102']	[('Federal Circuit', 'Appellate Court')]
49	058 - Lenscom Inc v 1-800 Contacts Inc	['686 F.3d 1376', '108 F.3d 1392', '495 F.2d 1360', '128 F.3d 86', '364 F.3d 332', '1972 WL 17855', '1958 WL 5904', '2007 WL 1620777']	['37 CFR § 2', '15 USC § 1071', '28 USC § 1295', '15 USC § 1127', '15 USC § 1064']	[('Federal Circuit', 'Appellate Court'), ('Trademark Trial and Appeal Board', 'Federal Court'), ('Eleventh Circuit', 'Appellate Court')]
50	074 - Evans v Building Materials Corporation of America	['858 F.3d 1377', '367 F.3d 1350', '466 F.3d 1366', '96 F.3d 88', '863 F.2d 315', '460 U.S. 1', '363 U.S. 574', '638 F.3d 367', '439 F.3d 1312', '178 F.3d 231', '757 F.3d 460']	['35 USC § 271', '15 USC § 1125', '28 USC § 1292']	[('Federal Circuit', 'Appellate Court'), ('Eastern District of Virginia', 'Federal District Court'), ('Eastern District of Virginia', 'Bankruptcy Court'), ('Fourth Circuit', 'Appellate Court')]
51	042 - Broadcom Corp v Emulex Corp	['732 F.3d 1325', '547 U.S. 388', '141 F.3d 1059', '668 F.3d 1340', '543 F.3d 710', '365 F.3d 835', '415 F.3d 1303', '55 F.3d 615', '561 F.3d 1351', '383 U.S. 1', '626 F.3d 1361', '688 F.3d 1342', '580 F.3d 1340', '726 F.3d 1346', '512 F.3d 1363', '665 F.3d 1269', '717 F.3d 1336', '702 F.3d 1351', '646 F.3d 869']	['35 USC § 103', '35 USC § 154']	[('Federal Circuit', 'Appellate Court'), ('Central District of California', 'Federal District Court'), ('Central District of California', 'Bankruptcy Court'), ('Ninth Circuit', 'Appellate Court')]
52	026 - Flo Healthcare Solutions LLC v Kappos	['697 F.3d 1367', '126 F.3d 1420', '462 F.3d 1344', '288 F.3d 1359', '303 F.3d 1316', '91 F.3d 1580', '2011 WL 289281', '211 F.3d 1367', '203 F.3d 1305', '383 U.S. 1', '138 F.3d 1448', '893 F.2d 319', '375 F.3d 1126', '31 F.3d 1154', '127 F.3d 1048', '16 F.3d 1189', '2011 WL 1211213', '215 F.3d 1297', '318 U.S. 80', '554 F.3d 967', '656 F.3d 1293', '52 F.3d 967', '527 U.S. 150', '603 F.3d 1255', '496 F.3d 1374', '393 F.3d 1253', '677 F.3d 1375', '654 F.3d 1268', '367 F.3d 1359', '381 F.3d 1320', '517 U.S. 370', '690 F.2d 1368', '678 F.3d 1357', '696 F.3d 1142']	['35 USC § 112', '28 USC § 1295', '35 USC § 102', '35 USC § 103', '5 USC § 706']	[('Federal Circuit', 'Appellate Court'), ('Northern District of Georgia', 'Federal District Court'), ('Northern District of Georgia', 'Bankruptcy Court'), ('Patent Trial and Appeal Board', 'Federal Court'), ('International Trade Commission', 'Federal Court')]
53	022 - Advanced Fiber Technologies (AFT) Trust v J And L Fiber Services Inc	['674 F.3d 1365', '639 F.3d 1329', '138 F.3d 1448', '52 F.3d 967', '517 U.S. 370', '415 F.3d 1303', '288 F.3d 1359', '334 F.3d 1314', '365 U.S. 336', '582 F.3d 1322', '309 F.2d 769', '514 U.S. 35', '490 F.3d 1340', '620 F.3d 1305', '519 F.3d 1366', '474 F.3d 1323', '403 F.3d 1364', '355 F.3d 1327', '90 F.3d 1576', '401 F.3d 1307']	['35 USC § 102', '28 USC § 1295']	[('Federal Circuit', 'Appellate Court'), ('Northern District of New York', 'Federal District Court'), ('Northern District of New York', 'Bankruptcy Court')]
54	29 - Shell Oil Co v US	['688 F.3d 1376', '185 F.3d 1291', '341 F.3d 1348', '44 F.3d 1539', '372 F.3d 1291', '526 U.S. 380', '467 U.S. 837', '163 U.S. 499', '190 U.S. 143', '291 F.3d 789']	['19 CFR § 191', '19 USC § 1313', '28 USC § 1295', '28 USC § 1581', '113 Stat. 127', '118 Stat. 2434']	[('Federal Circuit', 'Appellate Court'), ('United States Court of International Trade', 'Federal Court')]
55	093 - Wyandot Nation of Kansas v United States	['858 F.3d 1392', '288 F.3d 1347', '177 F.3d 1321', '548 U.S. 81', '573 F.3d 808', '400 U.S. 62', '409 U.S. 289', '507 U.S. 258', '824 F.2d 1132', '829 F.3d 754', '1 F.3d 1052', '39 F.3d 51', '231 U.S. 28', '792 F.3d 1103', '386 F.3d 1271', '255 F.3d 342', '419 F.3d 1355', '240 F.3d 1250', '253 F.3d 543', '218 F.3d 1367']	['25 USC § 4011', '25 USC § 4001', '28 USC § 2501', '28 USC § 1295', '25 USC § 479a-1', '25 CFR § 83', '9 Stat. 987', '10 Stat. 1159', '15 Stat. 513', '49 Stat. 1967', 'Public Law No. 103-412', '108 Stat. 4239', 'Public Law No. 103-454', '108 Stat. 4791', 'Public Law No. 113-76', '128 Stat. 5']	[('Federal Circuit', 'Appellate Court'), ('United States Court of Federal Claims', 'Federal Court'), ('Tenth Circuit', 'Appellate Court'), ('Second Circuit', 'Appellate Court')]
56	075 - Forrester Environmental Services Inc v Wheelabrator Technologies Inc	['715 F.3d 1329', '486 U.S. 800', '2011 WL 6300536', '2012 WL 3420185', '2012 WL 3420487', '537 F.3d 1329', '109 F.3d 1567', '421 U.S. 773', '986 F.2d 476', '153 F.3d 1318', '175 F.3d 1356', '547 U.S. 677', '481 U.S. 58', '523 F.3d 1353', '215 F.3d 1246', '235 U.S. 641', '463 U.S. 1']	['28 USC § 1441', '28 USC § 1338', '35 USC § 271', '28 USC § 1331']	[('Federal Circuit', 'Appellate Court'), ('District of New Hampshire', 'Federal District Court'), ('District of New Hampshire', 'Bankruptcy Court')]
57	089 - Icon Health and Fitness Inc v Strava Inc	['849 F.3d 1034', '2015 WL 5723014', '811 F.3d 435', '842 F.3d 1376', '203 F.3d 1305', '383 U.S. 1', '383 U.S. 39', '417 F.3d 1241', '428 U.S. 106', '782 F.3d 1376', '420 F.3d 1364', '367 F.3d 1359', '835 F.3d 1406', '812 F.3d 1284', '2016 WL 7174130', '818 F.3d 694', '51 F.3d 1560', '212 F.3d 1272', '572 F.3d 1371', '844 F.3d 1359', '550 U.S. 398', '686 F.3d 1322', '694 F.3d 1344', '834 F.3d 1361']	['28 USC § 1295', '35 USC § 103', '35 USC § 102', 'Public Law No. 112-29', '125 Stat. 284']	[('Federal Circuit', 'Appellate Court'), ('Patent Trial and Appeal Board', 'Federal Court')]
58	25 - Diamond Sawblades Manufacturers Coalition v United States	['866 F.3d 1304', '2015 WL 10553370', '407 F.3d 1211', '848 F.3d 1006', '766 F.3d 1388', '701 F.3d 1367', '294 F.3d 1371', '346 F.3d 1368']	['19 USC § 1673', '19 USC § 1673a', '19 USC § 1675', '19 USC § 1516a', '19 USC § 1677e', '19 USC § 1673d', '19 CFR § 351']	[('Federal Circuit', 'Appellate Court'), ('United States Court of International Trade', 'Federal Court'), ('International Trade Commission', 'Federal Court')]
59	051 - Ohio Willow Wood Co v Alps South LLC	['813 F.3d 1350', '735 F.3d 1333', '649 F.3d 1276', '768 F.3d 1185', '732 F.3d 1339', '694 F.3d 1367', '537 F.3d 1357', '526 U.S. 473', '292 F.3d 1360']	['37 CFR § 1']	[('Federal Circuit', 'Appellate Court'), ('Southern District of Ohio', 'Federal District Court'), ('Southern District of Ohio', 'Bankruptcy Court')]
60	004 - Preston v Marathon Oil Co	['684 F.3d 1276', '277 P.3d 81', '527 F.3d 1359', '771 P.2d 781', '740 P.2d 939', '972 F.2d 1321', '365 F.3d 1054', '333 U.S. 364', '79 Wyo. 137', '40 F.3d 1223', '802 F.2d 1367']	['28 USC § 1295']	[('Federal Circuit', 'Appellate Court'), ('District of Wyoming', 'Federal District Court'), ('District of Wyoming', 'Bankruptcy Court')]
61	091 - USPPS Ltd v Avery Dennison Corp	['676 F.3d 1341', '2010 WL 2802529', '2010 WL 2802512', '2010 U.S. Dist. LEXIS 84450', '596 F.3d 1355', '486 U.S. 800', '545 U.S. 308', '128 S.W.3d 211', '933 S.W.2d 1', '918 S.W.2d 453', '157 F.3d 1032', '146 S.W.3d 79', '866 S.W.2d 740', '988 S.W.2d 746', '661 S.W.2d 907', '200 F.3d 358', '342 S.W.3d 59', '676 F.3d 1024', '355 S.W.3d 634', '647 F.3d 274', '504 F.3d 1262', '504 F.3d 1281', '125 F.3d 288', '547 U.S. 677', '552 F.3d 1290', '493 U.S. 455', '538 F.3d 334']	['28 USC § 1338', '28 USC § 1332']	[('Federal Circuit', 'Appellate Court'), ('Western District of Texas', 'Federal District Court'), ('Western District of Texas', 'Bankruptcy Court'), ('Fifth Circuit', 'Appellate Court')]
62	028 - Arkema Inc v Honeywell Intern Inc	['706 F.3d 1351', '2012 WL 360189', '482 F.3d 1330', '639 F.3d 1368', '263 U.S. 197', '415 U.S. 452', '549 U.S. 118', '312 U.S. 270', '635 F.3d 1345', '304 F.3d 1249', '846 F.2d 731', '689 F.3d 1303', '495 F.3d 1340', '695 F.3d 1322']	['28 USC § 1295', '28 USC § 2201']	[('Federal Circuit', 'Appellate Court'), ('Eastern District of Pennsylvania', 'Federal District Court'), ('Eastern District of Pennsylvania', 'Bankruptcy Court')]
63	093 - ClassCo Inc v Apple Inc	['838 F.3d 1214', '305 U.S. 197', '550 U.S. 398', '829 F.3d 1317', '2016 WL 3902668', '616 F.3d 1231', '714 F.2d 1573', '632 F.3d 1358', '731 F.3d 1248', '630 F.3d 1026', '545 F.3d 1373', '229 F.3d 1120', '383 U.S. 1', '415 F.3d 1303', '789 F.3d 1292', '528 F.3d 871']	['35 USC § 103', '28 USC § 1295', '125 Stat. 284']	[('Federal Circuit', 'Appellate Court'), ('Patent Trial and Appeal Board', 'Federal Court')]
64	057 - Warsaw Orthopedic Inc v NuVasive Inc	['778 F.3d 1365', '279 F.3d 883', '469 F.3d 1005', '699 F.3d 1340', '318 F.3d 1119', '401 F.3d 1367', '340 F.3d 1314', '56 F.3d 1538', '235 U.S. 641', '383 F.3d 1303', '527 F.3d 1359', '557 F.3d 1377', '514 F.3d 1262', '567 F.3d 1314', '488 F.3d 973', '898 F.2d 787', '703 F.3d 1349', '576 F.3d 1348']	['28 USC § 1295', '35 USC § 284']	[('Federal Circuit', 'Appellate Court'), ('Southern District of California', 'Federal District Court'), ('Southern District of California', 'Bankruptcy Court')]
65	094 - Bard Peripheral Vascular Inc v WL Gore And Associates Inc	['670 F.3d 1171', '240 F.3d 1378', '154 F.3d 1321', '2008 WL 2954187', '2009 WL 886514', '2009 WL 886515', '2009 WL 920300', '563 F.3d 1358', '279 F.3d 883', '307 F.3d 915', '212 F.3d 477', '251 F.3d 1222', '833 F.2d 1365', '501 F.3d 1307', '442 F.3d 1331', '138 F.3d 1448', '573 F.3d 1290', '558 F.3d 1352', '429 F.3d 1052', '155 F.3d 1344', '758 F.2d 613', '123 F.3d 1466', '106 F.3d 976', '649 F.3d 1276', '532 F.3d 1318', '935 F.2d 1555', '579 F.3d 1363', '497 F.3d 1360', '800 F.2d 1101', '78 F.3d 1575', '598 F.3d 831', '185 F.3d 1259', '449 F.3d 1209', '461 U.S. 424', '220 F.3d 1345', '451 F.2d 849', '376 F.3d 1352', '326 U.S. 242', '561 F.3d 1351', '287 U.S. 474', '504 F.3d 1293', '543 F.3d 1342', '530 U.S. 133', '477 U.S. 242']	['37 CFR § 41', '28 USC § 1338', '28 USC § 1295', '35 USC § 103', '35 USC § 112', '35 USC § 116']	[('Federal Circuit', 'Appellate Court'), ('District of Arizona', 'Federal District Court'), ('District of Arizona', 'Bankruptcy Court'), ('Ninth Circuit', 'Appellate Court')]
66	079 - Nobelbiz Inc v Global Connect LLC	['876 F.3d 1326', '521 F.3d 1351', '2017 WL 4070592', '2017 WL 4049251', '830 F.3d 1365', '802 F.3d 1283', '694 F.3d 1312', '425 F.3d 1366', '576 F.3d 1348', '815 F.3d 1314', '2014 WL 7012497', '2014 WL 4966033', '2009 WL 1883423', '599 F.3d 1308', '2017 WL 2531591']	[]	[('Federal Circuit', 'Appellate Court'), ('Eastern District of Texas', 'Federal District Court'), ('Eastern District of Texas', 'Bankruptcy Court')]
67	070 - AdjustaCam LLC v Newegg Inc	['861 F.3d 1353', '664 F.3d 907', '809 F.3d 633', '851 F.3d 1302', '150 F.3d 1374', '851 F.3d 1317', '858 F.3d 1371', '858 F.3d 1383']	['35 USC § 285', '28 USC § 1295']	[('Federal Circuit', 'Appellate Court'), ('Eastern District of Texas', 'Federal District Court'), ('Eastern District of Texas', 'Bankruptcy Court')]
68	078 - Retractable Technologies Inc v Becton Dickinson and Co	['757 F.3d 1366', '653 F.3d 1296', '418 F.3d 1282', '137 F.3d 1475', '166 F.3d 1379', '460 U.S. 605', '905 F.2d 367']	['28 USC § 1295']	[('Federal Circuit', 'Appellate Court'), ('Eastern District of Texas', 'Federal District Court'), ('Eastern District of Texas', 'Bankruptcy Court'), ('Eleventh Circuit', 'Appellate Court')]
69	097 - Maverick Tube Corporation v Toscelik Profil ve Sac Endustrisi AS	['861 F.3d 1269', '635 F.3d 1335', '467 U.S. 837', '508 F.3d 1024', '68 F.3d 1347']	['19 USC § 1677b', '19 USC § 1677a', '28 USC § 1295', '19 USC § 1516a']	[('Federal Circuit', 'Appellate Court'), ('United States Court of International Trade', 'Federal Court')]
70	053 - Prometheus Laboratories Inc v Roxane Laboratories Inc	['805 F.3d 1092', '731 F.3d 1258', '711 F.3d 1348', '764 F.3d 1366', '550 U.S. 398', '383 U.S. 1', '334 F.3d 1264', '676 F.3d 1063', '480 F.3d 1348', '469 F.3d 978']	['35 USC § 271', '28 USC § 1295', '35 USC § 103']	[('Federal Circuit', 'Appellate Court'), ('District of New Jersey', 'Federal District Court'), ('District of New Jersey', 'Bankruptcy Court')]
71	081 - MAG Aerospace Industries Inc v BE Aerospace Inc	['816 F.3d 1374', '773 F.3d 1266', '628 F.3d 1143', '424 F.3d 1161', '903 F.2d 789', '946 F.2d 821']	['28 USC § 1295']	[('Federal Circuit', 'Appellate Court'), ('Central District of California', 'Federal District Court'), ('Central District of California', 'Bankruptcy Court'), ('Ninth Circuit', 'Appellate Court')]
72	047 - In re Abbott Diabetes Care Inc	['696 F.3d 1142', '2011 WL 1661489', '2011 WL 180180', '2011 WL 1661491', '2011 WL 180171', '367 F.3d 1359', '305 U.S. 197', '496 F.3d 1374', '653 F.3d 1296', '381 F.3d 1320', '603 F.3d 1255', '415 F.3d 1303', '90 F.3d 1576', '383 F.3d 1295']	['28 USC § 1295']	[('Federal Circuit', 'Appellate Court'), ('District of Delaware', 'Federal District Court'), ('District of Delaware', 'Bankruptcy Court')]
73	011 - Douglas Dynamics LLC v Buyers Products Co	['717 F.3d 1336', '532 F.3d 1352', '50 F.3d 481', '415 F.3d 1303', '90 F.3d 1576', '598 F.3d 831', '547 U.S. 388', '632 F.3d 1292', '355 F.3d 1327', '456 U.S. 305', '536 F.3d 1311', '694 F.3d 1312', '528 F.3d 871', '55 F.3d 615', '93 F.3d 1572', '395 F.3d 1364', '378 F.3d 1396']	[]	[('Federal Circuit', 'Appellate Court'), ('Western District of Wisconsin', 'Federal District Court'), ('Western District of Wisconsin', 'Bankruptcy Court'), ('Seventh Circuit', 'Appellate Court')]
74	045 - Akamai Technologies Inc v Limelight Networks Inc	['797 F.3d 1020', '614 F.3d 1367', '498 F.3d 1373', '545 U.S. 913']	['35 USC § 271']	[('Federal Circuit', 'Appellate Court'), ('District of Massachusetts', 'Federal District Court'), ('District of Massachusetts', 'Bankruptcy Court'), ('United States Court of Appeals for the Federal Circuit', 'Federal Court'), ('United States Supreme Court', 'Court of Last Resort')]
75	070 - Oracle America Inc v Google Inc	['750 F.3d 1339', '2012 U.S. Dist. LEXIS 66417', '2012 WL 9028839', '225 F.3d 1068', '49 F.3d 807', '975 F.2d 832', '347 U.S. 201', '101 U.S. 99', '982 F.2d 693', '886 F.2d 1173', '387 F.3d 522', '124 F.3d 1366', '977 F.2d 1510', '323 F.3d 805', '689 F.3d 29', '118 F.3d 955', '376 F.3d 841', '516 U.S. 233', '787 F.2d 1208', '126 F.3d 977', '203 F.3d 596', '688 F.3d 1164', '104 F.2d 661', '495 U.S. 207', '471 U.S. 539', '725 F.3d 1170', '709 F.3d 1273', '794 F.2d 432', '33 F.3d 1477', '527 F.3d 1318', '349 F.3d 622', '654 F.3d 989', '619 F.3d 301', '562 F.3d 630', '508 F.3d 1146', '447 F.3d 769', '227 F.3d 1110', '868 F.2d 1313', '336 F.3d 811', '595 F.3d 1340', '575 F.3d 935', '991 F.2d 563', '388 F.3d 1189', '812 F.2d 421', '972 F.2d 1031', '2009 U.S. Dist. LEXIS 57525', '517 U.S. 370', '121 F.3d 516', '2013 U.S. Dist. LEXIS 144061', '283 U.S. 494', '439 F.3d 1312', '2013 WL 831528', '2013 U.S. Dist. LEXIS 8113']	['28 USC § 1295', '17 USC § 102', '17 USC § 101', '37 CFR § 202', '17 USC § 107']	[('Federal Circuit', 'Appellate Court'), ('Northern District of California', 'Federal District Court'), ('Northern District of California', 'Bankruptcy Court'), ('Ninth Circuit', 'Appellate Court'), ('Second Circuit', 'Appellate Court'), ('First Circuit', 'Appellate Court'), ('Tenth Circuit', 'Appellate Court'), ('Third Circuit', 'Appellate Court'), ('Seventh Circuit', 'Appellate Court')]
76	089 - Belimo Automation AG v US	['774 F.3d 1362', '2013 WL 6439119', '68 F.3d 1333', '532 F.3d 1312', '513 F.3d 1342']	['28 USC § 1295']	[('Federal Circuit', 'Appellate Court'), ('United States Court of International Trade', 'Federal Court')]
77	034 - BASF Corporation v Johnson Matthey Inc	['875 F.3d 1360', '783 F.3d 1374', '816 F.3d 816', '789 F.3d 1335', '755 F.3d 1367', '838 F.3d 1224', '520 F.3d 1367', '439 F.2d 210', '803 F.3d 620', '809 F.3d 1223', '514 F.3d 1244', '341 F.3d 1332', '403 F.3d 1331']	['28 USC § 1295']	[('Federal Circuit', 'Appellate Court'), ('District of Delaware', 'Federal District Court'), ('District of Delaware', 'Bankruptcy Court'), ('International Trade Commission', 'Federal Court')]
78	003 - Organik Kimya AS v Rohm and Haas Company	['873 F.3d 887', '780 F.3d 1376', '789 F.3d 1292', '793 F.3d 1268', '165 F.3d 1353', '2015 WL 3430121', '2015 WL 3982308']	[]	[('Federal Circuit', 'Appellate Court'), ('Patent Trial and Appeal Board', 'Federal Court')]
79	052 - Roche Vitamins Inc v US	['772 F.3d 728', '26 F.3d 1107', '140 F.3d 1437', '508 F.3d 1044', '436 F.3d 1357']	['28 USC § 1295']	[('Federal Circuit', 'Appellate Court'), ('United States Court of International Trade', 'Federal Court')]
80	020 - MarcTec LLC v Johnson And Johnson	['664 F.3d 907', '2010 WL 680490', '2010 U.S. Dist. LEXIS 15789', '415 F.3d 1303', '2009 WL 910200', '2009 U.S. Dist. LEXIS 27011', '509 U.S. 579', '635 F.3d 539', '576 F.3d 1302', '603 F.3d 943', '339 F.3d 1324', '605 F.3d 1305', '138 F.3d 1448', '459 F.3d 1311', '519 F.3d 1366', '631 F.3d 1372', '505 F.3d 1362', '903 F.2d 805', '133 F.3d 1473', '653 F.3d 1314', '318 F.3d 1081', '23 F.3d 374', '501 U.S. 32']	['35 USC § 285', '28 USC § 1295']	[('Federal Circuit', 'Appellate Court')]
81	057 - Asetek Danmark AS v CMI USA Inc	['842 F.3d 1350', '2015 WL 5568360', '307 F.3d 915', '479 F.3d 1005', '758 F.2d 459', '429 F.3d 1043', '566 F.3d 1282', '216 F.3d 1343', '814 F.2d 628', '1 F.3d 1214', '575 F.2d 1152', '926 F.2d 1161', '580 F.3d 1301', '317 F.3d 1387', '56 F.3d 1538', '499 F.3d 1284', '727 F.3d 1375', '803 F.3d 620', '672 F.3d 1335', '399 F.3d 1047', '181 F.3d 1142', '185 F.2d 14', '324 U.S. 9', '291 U.S. 431', '42 F.2d 832', '96 F.3d 1390', '414 U.S. 168', '681 F.3d 1283', '639 F.2d 29', '553 U.S. 880', '517 U.S. 793', '321 U.S. 671', '154 F.3d 1345', '440 U.S. 147', '964 F.2d 180', '425 F.3d 1366', '576 F.3d 1348', '628 F.3d 837', '793 F.2d 1565', '383 F.3d 1337', '80 F.3d 64', '68 F.3d 958']	['35 USC § 283', '28 USC § 1295', '35 USC § 284', '28 USC § 2106']	[('Federal Circuit', 'Appellate Court'), ('Northern District of California', 'Federal District Court'), ('Northern District of California', 'Bankruptcy Court'), ('Second Circuit', 'Appellate Court'), ('First Circuit', 'Appellate Court'), ('Seventh Circuit', 'Appellate Court'), ('Fifth Circuit', 'Appellate Court')]
82	040 - Taurus IP LLC v DaimlerChrysler Corp	['726 F.3d 1306', '2007 WL 5601495', '138 F.3d 1448', '401 F.3d 1313', '550 F.3d 1075', '429 F.3d 1052', '661 F.3d 1378', '700 F.3d 1329', '220 F.3d 511', '79 F.3d 1572', '988 F.2d 1187', '317 F.3d 1334', '281 F.3d 1243', '276 U.S. 358', '527 F.3d 1318', '247 F.3d 1316', '477 U.S. 242', '424 F.3d 1276', '271 F.3d 1043', '393 F.3d 1378', '903 F.2d 805', '687 F.3d 1300', '701 F.3d 1351', '631 F.3d 1372', '603 F.3d 943', '653 F.3d 1314', '700 F.3d 1361', '2008 WL 410413', '519 F.3d 1366', '1 F.3d 1306', '939 F.2d 274', '326 F.3d 1194', '622 F.3d 754', '711 F.2d 1387', '800 F.2d 660', '419 N.W.2d 211', '546 N.W.2d 176', '222 S.W.3d 468', '910 F.2d 240', '721 S.W.2d 270', '448 F.3d 317', '142 F.3d 1266', '836 S.W.2d 844', '667 F.3d 1261', '580 F.3d 575', '641 F.3d 1352', '497 F.3d 742', '189 F.3d 1338', '61 F.3d 1313', '144 Tex. 17', '223 S.W.3d 762', '378 F.3d 482', '257 S.W.3d 34', '2012 WL 6028912', '501 U.S. 32', '517 F.3d 494', '130 F.3d 1278', '212 F.3d 1039', '422 F.3d 540', '200 F.3d 1063', '870 F.2d 1546']	['35 USC § 285', '35 USC § 102', '28 USC § 1295', '37 CFR § 1']	[('Federal Circuit', 'Appellate Court'), ('Western District of Wisconsin', 'Federal District Court'), ('Western District of Wisconsin', 'Bankruptcy Court'), ('Seventh Circuit', 'Appellate Court'), ('Eastern District of Texas', 'Federal District Court'), ('Eastern District of Texas', 'Bankruptcy Court'), ('Fifth Circuit', 'Appellate Court')]
83	089 - Apple Inc v Samsung Electronics Co Ltd	['786 F.3d 983', '563 F.3d 1358', '546 F.3d 991', '717 F.3d 702', '270 F.3d 794', '629 F.3d 1278', '127 F.3d 821', '532 U.S. 23', '199 F.3d 1009', '514 U.S. 159', '456 U.S. 844', '158 F.3d 1002', '668 F.3d 677', '296 F.3d 778', '838 F.2d 1186', '543 F.3d 665', '270 F.2d 635', '222 F. 902', '185 F.3d 1341', '702 F.3d 1351', '789 F.2d 895', '926 F.2d 1136']	['28 USC § 1295', '15 USC § 1125', '37 CFR § 1', '35 USC § 289']	[('Federal Circuit', 'Appellate Court'), ('Northern District of California', 'Federal District Court'), ('Northern District of California', 'Bankruptcy Court'), ('Ninth Circuit', 'Appellate Court'), ('Sixth Circuit', 'Appellate Court'), ('Second Circuit', 'Appellate Court')]
84	081 - R8FL Carriers Inc v Qualcomm Inc	['801 F.3d 1346', '681 F.3d 1323', '163 F.3d 1342', '129 F.3d 1247', '517 U.S. 370', '544 F.3d 1298']	['28 USC § 1295', '35 USC § 252', '35 USC § 307']	[('Federal Circuit', 'Appellate Court'), ('Southern District of Ohio', 'Federal District Court'), ('Southern District of Ohio', 'Bankruptcy Court')]
85	035 - In re Droge	['695 F.3d 1334', '203 F.3d 1305', '853 F.2d 894']	['35 USC § 103', '28 USC § 1295']	[('Federal Circuit', 'Appellate Court')]
86	084 - Pei-Herng Hor v Ching-Wu Chu	['699 F.3d 1331', '988 F.2d 1157', '587 F.3d 1339', '145 F.3d 1461', '105 F.2d 405', '132 F. 434', '254 F.3d 1347', '397 F.3d 1358', '163 F.3d 326', '116 F.3d 776', '518 F.3d 740', '657 F.3d 262', '28 F.3d 1388', '62 F.3d 574', '444 F.2d 406', '160 F.2d 593', '226 F. 941', '37 F.2d 5', '455 F.3d 1371', '376 F.3d 1352']	['37 CFR § 1', '35 USC § 256', '28 USC § 1295', '35 USC § 116', '35 USC § 135', '35 USC § 261', '113 Stat. 1501']	[('Federal Circuit', 'Appellate Court'), ('Southern District of Texas', 'Federal District Court'), ('Southern District of Texas', 'Bankruptcy Court'), ('Fifth Circuit', 'Appellate Court'), ('Fourth Circuit', 'Appellate Court')]
87	061 - NeuroRepair Inc v The Nath Law Group	['781 F.3d 1340', '716 F.2d 874', '125 F.3d 288', '795 F.2d 1351', '759 F.2d 9', '109 F.3d 1567', '486 U.S. 800', '421 U.S. 773', '545 U.S. 308', '509 U.S. 86', '369 F.3d 811', '501 F.3d 555', '547 U.S. 677', '767 F.3d 1334', '429 U.S. 363', '715 F.3d 1329', '541 F.3d 1373', '728 F.3d 1374']	['28 USC § 1441', '28 USC § 1338', '26 USC § 6335', '28 USC § 1332', '125 Stat. 284']	[('Federal Circuit', 'Appellate Court'), ('Southern District of California', 'Federal District Court'), ('Southern District of California', 'Bankruptcy Court')]
88	018 - Stryker Corporation v Zimmer Inc	['837 F.3d 1268', '782 F.3d 649', '497 F.3d 1360', '415 F.3d 1303', '669 F.3d 1362', '580 F.3d 1301', '190 F.3d 1342', '726 F.3d 1286', '737 F.3d 731', '668 F.3d 1340', '401 F.3d 729', '357 F.3d 1340', '192 F.3d 973', '492 F.3d 1326', '358 F.3d 870', '332 F.3d 915', '429 F.3d 1364', '550 U.S. 398', '311 F.3d 1384']	['35 USC § 287', '28 USC § 1295', '35 USC § 102', '35 USC § 103', '35 USC § 284']	[('Federal Circuit', 'Appellate Court'), ('Western District of Michigan', 'Federal District Court'), ('Western District of Michigan', 'Bankruptcy Court'), ('Sixth Circuit', 'Appellate Court')]
89	032 - In re Baxter Intern Inc	['678 F.3d 1357', '2010 WL 3032865', '2007 WL 518804', '582 F.3d 1288', '2010 WL 1048980', '849 F.2d 1422', '540 F.3d 1368', '305 U.S. 197', '383 U.S. 1', '254 F.3d 1053', '203 F.3d 1305', '138 F.3d 1448', '415 F.3d 1303', '354 F.3d 1362', '529 U.S. 460', '16 F.3d 1189', '168 U.S. 1', '333 U.S. 103', '514 U.S. 211', '992 F.2d 420', '486 U.S. 800', '192 F.3d 981', '732 F.2d 888', '283 U.S. 522', '449 U.S. 90', '478 U.S. 833', '458 U.S. 50']	['35 USC § 103', '28 USC § 1295', '35 USC § 282']	[('Federal Circuit', 'Appellate Court'), ('Northern District of California', 'Federal District Court'), ('Northern District of California', 'Bankruptcy Court')]
90	008 - Alfred E Mann Foundation for Scientific Research v Cochlear Corporation	['841 F.3d 1334', '602 F.3d 1325', '316 F.3d 857', '415 F.3d 1303', '580 F.3d 1301', '816 F.3d 816', '344 F.3d 1205', '250 F.3d 1369', '983 F.2d 1039', '521 F.3d 1328', '673 F.3d 1361', '639 F.3d 1303', '574 F.3d 1371', '837 F.3d 1358', '96 F.3d 1377', '818 F.2d 841', '691 F.3d 1356', '719 F.3d 1305', '759 F.3d 1333', '424 U.S. 737', '449 U.S. 33', '659 F.3d 1376', '732 F.3d 1376', '198 F.3d 1374', '259 F.3d 1364', '311 F.3d 1116', '379 U.S. 148', '446 U.S. 274', '873 F.2d 1271', '190 F.3d 1300', '516 F.3d 1290', '2013 WL 1915865', '773 F.3d 1245', '337 U.S. 541', '437 U.S. 463', '657 F.3d 1349', '810 F.2d 1123']	['28 USC § 1295', '28 USC § 1292', '28 USC § 1291']	[('Federal Circuit', 'Appellate Court'), ('Central District of California', 'Federal District Court'), ('Central District of California', 'Bankruptcy Court'), ('Ninth Circuit', 'Appellate Court')]
91	037 - Bard Peripheral Vascular Inc v WL Gore And Associates Inc	['682 F.3d 1003', '497 F.3d 1360', '663 F.3d 1221', '96 F.3d 1409', '543 F.3d 1351', '598 F.3d 831', '474 U.S. 104', '517 U.S. 370', '520 U.S. 17', '631 F.3d 1372', '508 U.S. 49', '98 U.S. 187', '517 U.S. 690', '386 U.S. 317']	['35 USC § 284', '35 USC § 285']	[('Federal Circuit', 'Appellate Court'), ('District of Arizona', 'Federal District Court'), ('District of Arizona', 'Bankruptcy Court')]
92	007 - McRO Inc v Bandai Namco Games America Inc	['837 F.3d 1299', '450 U.S. 175', '758 F.3d 1344', '523 F.3d 924', '788 F.3d 1371', '415 F.3d 1303', '409 U.S. 63', '823 F.3d 607', '790 F.3d 1343', '561 U.S. 593', '541 F.3d 1115', '822 F.3d 1327', '827 F.3d 1042']	['35 USC § 101', '28 USC § 1295', '35 USC § 112', '35 USC § 100']	[('Federal Circuit', 'Appellate Court'), ('Central District of California', 'Federal District Court'), ('Central District of California', 'Bankruptcy Court'), ('Ninth Circuit', 'Appellate Court'), ('District of Delaware', 'Federal District Court'), ('District of Delaware', 'Bankruptcy Court')]
93	080 - Merck And Cie v Gnosis SPA	['808 F.3d 829', '383 U.S. 1', '437 F.3d 1157', '203 F.3d 1305', '793 F.3d 1268', '686 F.3d 1322', '550 U.S. 398', '713 F.2d 1530', '752 F.3d 967', '639 F.3d 1057', '616 F.3d 1231', '57 F.3d 1573', '632 F.3d 1358', '380 U.S. 278', '171 F.3d 58', '383 U.S. 607', '783 F.3d 853', '566 F.3d 989', '676 F.3d 1063']	['28 USC § 1295', '35 USC § 103', '35 USC § 316', '35 USC § 315', '41 USC § 6507', '41 USC § 39']	[('Federal Circuit', 'Appellate Court'), ('Patent Trial and Appeal Board', 'Federal Court'), ('International Trade Commission', 'Federal Court')]
94	009 - Elcommercecom Inc v SAP AG	['745 F.3d 490', '326 U.S. 310', '311 U.S. 457', '549 U.S. 422', '523 U.S. 83', '363 U.S. 335', '470 U.S. 768', '471 U.S. 462', '279 F.3d 1351', '334 F.3d 1314', '158 F.3d 1243', '198 F.3d 1374', '675 F.3d 1302', '504 F.3d 1236', '659 F.3d 1376', '412 F.3d 1291', '545 F.3d 1316', '2011 WL 710487', '305 F.3d 1337', '390 F.3d 1361', '308 F.3d 1304', '523 F.3d 1323', '442 F.2d 985', '336 F.3d 1308', '731 F.3d 1336', '509 U.S. 579', '417 F.3d 1241', '344 F.3d 1205', '527 F.3d 1379', '415 F.3d 1303', '370 F.3d 1354', '417 F.3d 1342', '149 F.3d 1350', '745 F.2d 1437', '574 F.3d 1371']	['35 USC § 112', '28 USC § 1404']	[('Federal Circuit', 'Appellate Court'), ('Eastern District of Texas', 'Federal District Court'), ('Eastern District of Texas', 'Bankruptcy Court'), ('Eastern District of Pennsylvania', 'Federal District Court'), ('Eastern District of Pennsylvania', 'Bankruptcy Court'), ('Southern District of Ohio', 'Federal District Court'), ('Southern District of Ohio', 'Bankruptcy Court'), ('District of Colorado', 'Federal District Court'), ('District of Colorado', 'Bankruptcy Court'), ('Northern District of California', 'Federal District Court'), ('Northern District of California', 'Bankruptcy Court')]
95	032 - Ferring BV v Watson Laboratories Inc-Florida	['764 F.3d 1401', '365 F.3d 1054', '333 U.S. 364', '464 F.3d 1286', '550 U.S. 398', '383 U.S. 1', '496 U.S. 661', '110 F.3d 1562', '316 F.3d 1348', '300 F.3d 1367', '69 F.3d 1130', '745 F.3d 1180', '731 F.3d 1271', '212 F.3d 1241', '922 F.2d 792', '870 F.2d 1546']	['35 USC § 103', '35 USC § 271', '21 USC § 355', '21 USC § 356', '21 CFR § 314', '28 USC § 1295', '35 USC § 282']	[('Federal Circuit', 'Appellate Court'), ('District of Nevada', 'Federal District Court'), ('District of Nevada', 'Bankruptcy Court')]
96	029 - In re Cray Inc	['871 F.3d 1355', '2017 WL 2813896', '769 F.2d 733', '346 U.S. 379', '379 U.S. 104', '821 F.3d 1338', '542 U.S. 367', '637 F.3d 1307', '352 U.S. 249', '2017 WL 3601304', '744 F.2d 1564', '820 F.3d 1287', '528 U.S. 1019', '315 U.S. 561', '406 U.S. 706', '365 U.S. 260', '346 U.S. 338', '121 F.2d 752', '283 F. 518', '342 F.2d 622', '71 F.2d 628', '420 F.2d 1182', '382 F.2d 514', '131 F.2d 805']	['28 USC § 1400', '28 USC § 1406', '28 USC § 1651', '28 USC § 1391', '29 Stat. 695']	[('Federal Circuit', 'Appellate Court'), ('Eastern District of Texas', 'Federal District Court'), ('Eastern District of Texas', 'Bankruptcy Court'), ('Western District of Wisconsin', 'Federal District Court'), ('Western District of Wisconsin', 'Bankruptcy Court'), ('Seventh Circuit', 'Appellate Court'), ('Fourth Circuit', 'Appellate Court'), ('Western District of Texas', 'Federal District Court'), ('Western District of Texas', 'Bankruptcy Court')]
97	010 - Commil USA LLC v Cisco Systems Inc	['720 F.3d 1361', '179 F.3d 169', '358 F.3d 1356', '212 F.3d 1272', '917 F.2d 544', '471 F.3d 1293', '554 F.3d 1010', '661 F.3d 629', '412 F.3d 1284', '714 F.2d 1573', '2007 WL 2900532', '1995 WL 918081', '2011 WL 6013022', '2004 WL 367616', '2012 WL 1188266', '610 F.2d 360', '84 F.3d 776', '512 F.2d 276', '150 F.3d 401', '283 U.S. 494', '800 F.2d 1077', '346 U.S. 379', '320 F.3d 1354', '381 F.3d 1371', '596 F.3d 1343', '536 F.3d 1311', '682 F.3d 1003', '415 F.3d 1303', '909 F.2d 1464', '559 U.S. 573', '542 F.3d 1363', '787 F.2d 1545', '729 F.2d 1530', '532 F.2d 489', '466 F.2d 1217', '431 F.2d 605', '251 F.3d 448', '874 F.2d 1528', '718 F.2d 553', '569 F.2d 754']	['35 USC § 271']	[('Federal Circuit', 'Appellate Court'), ('Eastern District of Texas', 'Federal District Court'), ('Eastern District of Texas', 'Bankruptcy Court'), ('Fifth Circuit', 'Appellate Court')]
98	009 - Skky Inc v MindGeek sarl	['859 F.3d 1014', '2016 WL 763036', '514 F.3d 1256', '792 F.3d 1339', '731 F.3d 1336', '733 F.3d 1355', '550 U.S. 398', '383 U.S. 1', '808 F.3d 823', '825 F.3d 1373', '305 U.S. 197', '832 F.3d 1327', '774 F.3d 1371']	['35 USC § 112', '28 USC § 1295', '37 CFR § 42', 'Public Law No. 112-29', '125 Stat. 284']	[('Federal Circuit', 'Appellate Court'), ('Patent Trial and Appeal Board', 'Federal Court')]
99	001 - In re Jobdiva Inc	['843 F.3d 936', '2015 WL 3542849', '2015 WL 2170162', '229 F.3d 1080', '821 F.2d 614', '786 F.3d 960', '2006 WL 1258813']	['37 CFR § 2', '15 USC § 1125', '28 USC § 1295', '15 USC § 1051', '15 USC § 1064', '15 USC § 1058', '15 USC § 1127']	[('Federal Circuit', 'Appellate Court'), ('Trademark Trial and Appeal Board', 'Federal Court')]
100	013 - In re Affinity Labs of Texas LLC	['856 F.3d 902', '223 F.3d 1360', '647 F.3d 188', '789 F.3d 1292', '824 F.3d 999', '200 F.3d 795', '293 F.3d 1379']	['35 USC § 317', '28 USC § 1295', '37 CFR § 41']	[('Federal Circuit', 'Appellate Court'), ('Patent Trial and Appeal Board', 'Federal Court')]
101	058 - Ericsson Inc v D-Link Systems Inc	['773 F.3d 1201', '2013 WL 949378', '2013 WL 4046225', '602 F.3d 1325', '744 F.3d 1272', '687 F.3d 1292', '677 F.3d 1375', '702 F.3d 1351', '555 F.3d 984', '287 F.3d 1108', '717 F.3d 1255', '415 F.3d 1303', '576 F.3d 1348', '471 F.3d 1293', '601 F.3d 1319', '709 F.3d 1348', '550 F.3d 1325', '580 F.3d 1301', '463 F.3d 1299', '952 F.2d 119', '502 U.S. 46', '839 F.2d 1556', '98 F.3d 194', '358 F.3d 1356', '111 U.S. 120', '235 U.S. 641', '632 F.3d 1292', '488 F.3d 973', '757 F.3d 1286', '694 F.3d 1312', '310 U.S. 150', '2013 WL 5593609', '2013 WL 2111217', '694 F.3d 10', '24 F.3d 372', '347 F.3d 448', '744 F.2d 293', '79 A.D.2d 237', '289 F.3d 801', '182 F.3d 1298', '285 F.3d 1029', '69 F.3d 512']	['28 USC § 1295', '35 USC § 271', '35 USC § 284', '35 USC § 281']	[('Federal Circuit', 'Appellate Court'), ('Eastern District of Texas', 'Federal District Court'), ('Eastern District of Texas', 'Bankruptcy Court'), ('Fifth Circuit', 'Appellate Court'), ('International Trade Commission', 'Federal Court')]
102	041 - Mohsenzadeh v Lee	['790 F.3d 1377', '780 F.3d 238', '481 F.3d 1351', '522 U.S. 23', '511 U.S. 531']	['35 USC § 154', '35 USC § 121', '35 USC 154', '37 CFR § 1', '28 USC § 1295']	[('Federal Circuit', 'Appellate Court'), ('Eastern District of Virginia', 'Federal District Court'), ('Eastern District of Virginia', 'Bankruptcy Court'), ('Fourth Circuit', 'Appellate Court')]
103	066 - Dell Inc v Acceleron LLC	['818 F.3d 1293', '2014 WL 7326580', '560 F.3d 1331', '806 F.3d 1356', '659 F.3d 1376', '626 F.3d 1197', '287 F.3d 1108', '441 F.3d 945', '381 F.3d 1111']	['35 USC § 311', '37 CFR § 42', '35 USC § 316', '35 USC § 318', '35 USC § 319', '28 USC § 1295', '5 USC § 551', '5 USC § 554']	[('Federal Circuit', 'Appellate Court'), ('Patent Trial and Appeal Board', 'Federal Court')]
104	057 - In re Barnes And Noble Inc	['743 F.3d 1381', '628 F.3d 1342', '329 F.3d 823', '574 F.3d 315', '566 F.3d 1338', '589 F.3d 1194', '587 F.3d 1333', '630 F.3d 1361', '609 F.3d 1378', '545 F.3d 304', '376 U.S. 612', '546 U.S. 132']	['28 USC § 1404']	[('Federal Circuit', 'Appellate Court'), ('Western District of Tennessee', 'Federal District Court'), ('Western District of Tennessee', 'Bankruptcy Court'), ('Northern District of California', 'Federal District Court'), ('Northern District of California', 'Bankruptcy Court'), ('Sixth Circuit', 'Appellate Court'), ('Fifth Circuit', 'Appellate Court')]
105	066 - AMS Associates Inc v US	['737 F.3d 1338', '2012 WL 3065277', '719 F.3d 1376', '725 F.3d 1295', '709 F.3d 1134', '744 F.2d 1556', '284 F.3d 1261', '60 F.3d 778', '483 F.3d 1358', '325 U.S. 410', '495 U.S. 641', '359 U.S. 535', '354 U.S. 363', '82 F.3d 1039']	['19 CFR § 351', '19 USC § 1673', '19 USC § 1675', '28 USC § 1295', '19 USC § 1673b']	[('Federal Circuit', 'Appellate Court'), ('United States Court of International Trade', 'Federal Court')]
106	006 - One-E-Way Inc v International Trade Commission	['859 F.3d 1059', '811 F.3d 1334', '838 F.3d 1224', '319 F.3d 1357', '535 U.S. 722', '766 F.3d 1364', '185 U.S. 403', '261 U.S. 45', '844 F.3d 1370', '317 U.S. 228', '789 F.3d 1335', '835 F.3d 1388', '786 F.3d 983']	['35 USC § 112', '28 USC § 1295', '35 USC § 282', 'Public Law No. 112-29']	[('International Trade Commission', 'Federal Court'), ('Federal Circuit', 'Appellate Court')]
107	033 - Accent Packaging Inc v Leggett And Platt Inc	['707 F.3d 1318', '600 F.3d 552', '643 F.3d 1346', '647 F.3d 248', '415 F.3d 1303', '386 F.3d 1133', '512 F.3d 1338', '223 F.3d 1351', '468 F.3d 868', '612 F.2d 896', '137 F.3d 41', '254 F.3d 595', '901 F.2d 1281', '694 F.2d 1017', '489 U.S. 141', '556 U.S. 662', '550 U.S. 544']	['28 USC § 1295']	[('Federal Circuit', 'Appellate Court'), ('Southern District of Texas', 'Federal District Court'), ('Southern District of Texas', 'Bankruptcy Court'), ('Fifth Circuit', 'Appellate Court')]
108	036 - Abbott Point of Care Inc v Epocal Inc	['666 F.3d 1299', '240 F.3d 1016', '943 A.2d 881', '603 F.3d 1364', '357 F.3d 1266', '980 A.2d 1', '33 N.J. 36', '755 A.2d 637', '187 N.J. 259', '694 A.2d 264', '556 F.3d 1260']	['28 USC § 1295', '35 USC § 281', '35 USC § 100', '35 USC § 261']	[('Federal Circuit', 'Appellate Court'), ('Northern District of Alabama', 'Federal District Court'), ('Northern District of Alabama', 'Bankruptcy Court'), ('Eleventh Circuit', 'Appellate Court')]
109	018 - K-TEC Inc v Vita-Mix Corp	['696 F.3d 1364', '2010 WL 1417862', '2009 WL 3568623', '2010 WL 1486781', '466 F.3d 1156', '210 F.3d 1207', '533 F.3d 1353', '477 U.S. 242', '350 F.3d 1376', '82 F.3d 376', '65 F.3d 823', '926 F.2d 1539', '988 F.2d 1039', '390 F.3d 1361', '724 F.2d 1567', '637 F.3d 1314', '576 F.3d 1331', '155 F.3d 1230', '616 F.3d 1357']	['28 USC § 1295', '35 USC § 103', '35 USC § 287']	[('Federal Circuit', 'Appellate Court'), ('District of Utah', 'Federal District Court'), ('District of Utah', 'Bankruptcy Court'), ('Tenth Circuit', 'Appellate Court'), ('Third Circuit', 'Appellate Court')]
110	048 - Amkor Technology Inc v International Trade Com'n	['692 F.3d 1250', '849 F.2d 581', '383 F.3d 1352', '26 F.3d 1112', '988 F.2d 1187', '654 F.3d 1279', '281 F.3d 1243', '622 F.3d 1367', '264 F.3d 1344', '40 F.3d 1223', '802 F.2d 1367', '301 F.2d 947', '254 F.2d 141', '626 F.2d 844', '629 F.3d 1331']	['35 USC § 102', '19 USC § 1337', '28 USC § 1295', '35 USC § 282', '35 USC § 112']	[('Federal Circuit', 'Appellate Court'), ('International Trade Commission', 'Federal Court')]
111	056 - StonCor Group Inc v Specialty Coatings Inc	['759 F.3d 1327', '476 F.2d 1357', '2012 WL 2588576', '450 F.3d 1378', '229 F.3d 1080', '305 U.S. 197', '396 F.3d 1369', '961 F.2d 200', '668 F.3d 1356', '695 F.3d 1247', '588 F.2d 811']	['15 USC § 1071', '28 USC § 1295', '15 USC § 1052']	[('Federal Circuit', 'Appellate Court'), ('Trademark Trial and Appeal Board', 'Federal Court')]
112	044 - Abbvie Inc v Mathilda and Terence Kennedy Institute of Rheumatology Trust	['764 F.3d 1366', '262 F.3d 1339', '689 F.3d 1368', '744 F.3d 1272', '138 F.3d 1448', '759 F.2d 887', '592 F.3d 1340', '251 F.3d 955', '163 U.S. 169', '151 U.S. 186', '753 F.3d 1208', '331 F.2d 610', '140 F.3d 1428', '11 F.3d 1046', '937 F.2d 589', '564 F.3d 1313', '518 F.3d 1353', '334 F.3d 1343', '580 F.3d 1340', '334 F.3d 1264', '789 F.2d 1574', '327 F.2d 1005', '471 F.3d 1369', '432 F.3d 1368', '246 F.3d 1368', '480 F.3d 1348', '301 F.2d 676', '972 F.2d 1272', '547 F.3d 1371', '48 F.2d 665']	['35 USC § 101', '35 USC § 154', '35 USC § 103', '108 Stat. 4809']	[('Federal Circuit', 'Appellate Court'), ('Southern District of New York', 'Federal District Court'), ('Southern District of New York', 'Bankruptcy Court')]
113	004 - Visual Memory LLC v NVIDIA Corporation	['867 F.3d 1253', '839 F.3d 1089', '486 F.3d 806', '822 F.3d 1327', '566 U.S. 66', '830 F.3d 1350', '850 F.3d 1343', '823 F.3d 607', '802 F.2d 1367', '450 U.S. 175', '841 F.3d 1288', '674 F.3d 1315']	['28 USC § 1295', '35 USC § 101', '35 USC § 112']	[('Federal Circuit', 'Appellate Court'), ('District of Delaware', 'Federal District Court'), ('District of Delaware', 'Bankruptcy Court'), ('Third Circuit', 'Appellate Court')]
114	089 - In re TLI Communications LLC Patent Litigation	['823 F.3d 607', '278 F.3d 401', '788 F.3d 1359', '792 F.3d 1363', '450 U.S. 175', '811 F.3d 1314', '822 F.3d 1327', '2016 WL 2756255', '773 F.3d 1245', '561 U.S. 593', '765 F.3d 1350']	['35 USC § 101', '35 USC § 112', '28 USC § 1295']	[('Federal Circuit', 'Appellate Court'), ('Eastern District of Virginia', 'Federal District Court'), ('Eastern District of Virginia', 'Bankruptcy Court'), ('Fourth Circuit', 'Appellate Court'), ('District of Delaware', 'Federal District Court'), ('District of Delaware', 'Bankruptcy Court')]
115	023 - ScriptPro LLC v Innovation Associates Inc	['833 F.3d 1336', '762 F.3d 1355', '134 F.3d 1473', '558 F.3d 1368', '659 F.3d 1345', '522 F.3d 1299', '598 F.3d 1336', '635 F.3d 1373']	['28 USC § 1295']	[('Federal Circuit', 'Appellate Court'), ('District of Kansas', 'Federal District Court'), ('District of Kansas', 'Bankruptcy Court')]
116	035 - Info-Hold Inc v Applied Media Technologies Corp	['783 F.3d 1262', '2012 WL 3930376', '2013 WL 1787007', '415 F.3d 1303', '669 F.3d 1362', '2015 WL 1501565', '197 F.3d 1377', '358 F.3d 898', '308 F.3d 1193', '538 U.S. 1058', '262 F.3d 1258']	['28 USC § 1295']	[('Federal Circuit', 'Appellate Court'), ('Southern District of Ohio', 'Federal District Court'), ('Southern District of Ohio', 'Bankruptcy Court')]
117	046 - EMD Millipore Corp v AllPure Technologies Inc	['768 F.3d 1196', '512 F.3d 1363', '160 F.3d 1350', '637 F.3d 1314', '617 F.3d 1282', '520 U.S. 17', '535 U.S. 722', '344 F.3d 1359']	['28 USC § 1295']	[('Federal Circuit', 'Appellate Court'), ('District of Massachusetts', 'Federal District Court'), ('District of Massachusetts', 'Bankruptcy Court')]
118	025 - RT Foods Inc v US	['757 F.3d 1349', '660 F.3d 1311', '454 F.3d 1361', '742 F.3d 962', '714 F.3d 1363', '140 F.3d 1437', '182 F.3d 1333', '646 F.3d 1371', '195 F.3d 1375', '872 F.2d 1572', '649 F.3d 1361', '160 F.3d 710', '713 F.3d 640', '73 F.3d 1095', '152 F.3d 1332', '282 F.3d 1349', '541 F.3d 1129']	['28 USC § 1295', '19 USC § 3004', '28 USC § 2636']	[('Federal Circuit', 'Appellate Court'), ('United States Court of International Trade', 'Federal Court')]
119	024 - Eli Lilly and Company v Teva Parenteral Medicines Inc	['845 F.3d 1357', '692 F.3d 1301', '471 F.3d 1293', '316 F.3d 1348', '633 F.3d 1042', '2012 WL 2358102', '789 F.3d 1335', '783 F.3d 1374', '378 F.3d 1396', '831 F.3d 1350', '805 F.3d 1092', '2014 WL 1350129', '550 U.S. 398', '689 F.3d 1368', '759 F.2d 887', '251 F.3d 955', '592 F.3d 1340', '432 F.3d 1368', '629 F.3d 1311']	['21 USC § 355', '35 USC § 271', '28 USC § 1295', '35 USC § 112', '125 Stat. 284']	[('Federal Circuit', 'Appellate Court'), ('Southern District of Indiana', 'Federal District Court'), ('Southern District of Indiana', 'Bankruptcy Court')]
120	066 - Shire Development LLC v Watson Pharmaceuticals Inc	['787 F.3d 1359', '746 F.3d 1326', '2013 WL 174843', '2013 WL 1912208', '778 F.3d 1255', '257 F.3d 1364', '415 F.3d 1303', '715 F.3d 1363', '104 F.3d 1299', '686 F.3d 1335', '566 F.3d 1282', '569 F.3d 1335', '388 F.3d 858', '161 F.3d 709', '405 F.3d 1367']	['35 USC § 112', '28 USC § 1295']	[('Federal Circuit', 'Appellate Court'), ('Southern District of Florida', 'Federal District Court'), ('Southern District of Florida', 'Bankruptcy Court')]
121	033 - Multilayer Stretch Cling Film Holdings Inc v Berry Plastics Corporation	['831 F.3d 1350', '2013 WL 5972195', '788 F.3d 201', '792 F.3d 1339', '617 F.3d 843', '496 U.S. 384', '334 F.3d 1274', '631 F.2d 716', '405 F.3d 1367', '562 F.2d 1245', '239 F.3d 1239', '363 F.3d 1321', '460 F.3d 1349', '520 F.3d 1358', '7 F.3d 1571', '517 F.3d 1364', '161 F.3d 709', '474 F.3d 1298', '438 F.3d 1374', '811 F.3d 1359', '299 F.3d 1336', '190 F.3d 1350', '415 F.3d 1303', '190 F.3d 1335', '504 F.3d 1356', '212 F.3d 1377', '195 F.3d 1322', '285 F.2d 465', '53 F.2d 520', '212 F. 422', '224 F. 464', '582 F.3d 1288', '239 F.3d 1297', '124 F.3d 1458', '604 F.2d 1362', '523 F.2d 1392', '486 F.2d 1053', '305 F.2d 505', '241 F.2d 939', '787 F.3d 1359']	['35 USC § 112', '28 USC § 1295', '125 Stat. 284']	[('Federal Circuit', 'Appellate Court'), ('Western District of Tennessee', 'Federal District Court'), ('Western District of Tennessee', 'Bankruptcy Court')]
122	31 - Tyrues v Shinseki	['732 F.3d 1351', '631 F.3d 1380', '229 F.3d 1369', '351 U.S. 427', '96 F.3d 1377', '505 F.3d 226', '209 F.2d 802', '654 F.3d 347', '59 F.3d 942', '349 F.3d 1343', '2011 WL 1853076', '420 U.S. 469', '105 F.2d 697', '108 F.3d 486', '520 F.2d 851', '536 F.2d 1207', '118 F.2d 338', '421 F.3d 1346', '34 F.3d 1039', '431 U.S. 651', '550 F.3d 1067', '338 U.S. 507', '908 F.2d 1218', '443 F.3d 845', '2005 WL 1250863', '140 U.S. 52', '424 U.S. 737']	['38 USC § 1110', '38 USC § 1117', '38 USC § 7266', '38 USC § 7292', '41 USC § 7107', '28 USC § 1295', '38 USC § 1118', '28 USC § 1257', '28 USC § 2101', '28 USC § 1292']	"[('Federal Circuit', 'Appellate Court'), (""Board of Veterans' Appeals"", 'Federal Court'), ('United States Court of Appeals for Veterans Claims', 'Military Court'), ('United States Supreme Court', 'Court of Last Resort'), ('Armed Services Board of Contract Appeals', 'Military Court'), ('United States Court of Appeals for the Federal Circuit', 'Federal Court'), ('Third Circuit', 'Appellate Court')]"
123	047 - H-W Technology LC v Overstockcom Inc	['758 F.3d 1329', '744 F.3d 1272', '138 F.3d 1448', '415 F.3d 1303', '694 F.3d 51', '265 F.3d 1371', '350 F.3d 1348', '775 F.2d 1107', '547 U.S. 28', '639 F.3d 1303']	['28 USC § 1295', '35 USC § 254']	[('Federal Circuit', 'Appellate Court'), ('Northern District of Texas', 'Federal District Court'), ('Northern District of Texas', 'Bankruptcy Court')]
124	035 - Airbus SAS v Firepass Corp	['793 F.3d 1376', '2013 WL 5866589', '2014 WL 2121080', '696 F.3d 1379', '203 F.3d 1305', '9 F.3d 942', '728 F.2d 1423']	['37 CFR § 1', '35 USC § 102', '35 USC § 103', '35 USC § 112', '37 CFR § 41', '28 USC § 1295', '35 USC § 312', '35 USC § 311', '125 Stat. 284']	[('Federal Circuit', 'Appellate Court'), ('Patent Trial and Appeal Board', 'Federal Court'), ('Eastern District of New York', 'Federal District Court'), ('Eastern District of New York', 'Bankruptcy Court')]
125	042 - Align Technology Inc v International Trade Com'n	['771 F.3d 1317', '495 U.S. 641', '2010 WL 1436458', '701 F.3d 1367', '318 U.S. 80', '371 U.S. 156', '713 F.2d 795', '742 F.2d 1421']	['19 USC § 1337', '19 CFR § 210', '28 USC § 1295', '5 USC § 706', '19 CFR § 201']	[('Federal Circuit', 'Appellate Court'), ('International Trade Commission', 'Federal Court')]
126	004 - QI Press Controls BV v Lee	['752 F.3d 1371', '2012 WL 1744493', '203 F.3d 1305', '305 U.S. 197', '678 F.3d 1357', '540 F.3d 1368', '383 U.S. 1', '550 U.S. 398', '726 F.3d 1346', '598 F.3d 1336', '347 F.3d 1299', '354 F.3d 1362', '731 F.3d 1248', '661 F.3d 1316', '418 F.3d 1361']	['37 CFR § 41', '35 USC § 112', '35 USC § 103', '28 USC § 1295', '35 USC § 305', '125 Stat. 284']	[('Federal Circuit', 'Appellate Court')]
127	074 - Rovalma SA v Bohler-Edelstahl GmbH And Co KG	['856 F.3d 1019', '2015 WL 1871000', '419 U.S. 281', '332 U.S. 194', '318 U.S. 80', '848 F.3d 987', '842 F.3d 1376', '805 F.3d 1359', '277 F.3d 1338', '305 U.S. 197', '849 F.3d 1034', '829 F.3d 1364', '825 F.3d 1341', '141 F.3d 1059', '429 F.2d 1156', '547 U.S. 198', '558 F.3d 1341', '805 F.3d 1064', '407 F.2d 1252', '841 F.3d 966', '733 F.3d 1355']	['37 CFR § 42', '35 USC § 314', '28 USC § 1295', '5 USC § 706', '35 USC § 316']	[('Federal Circuit', 'Appellate Court'), ('Patent Trial and Appeal Board', 'Federal Court')]
128	03 - Ashley Furniture Industries Inc v US	['734 F.3d 1306', '556 F.3d 1337', '672 F.3d 1041', '296 F.3d 1378', '684 F.3d 1374', '583 F.3d 1340']	['19 USC § 1675c', '28 USC § 1295', '19 USC § 1673a', '19 USC § 1333', '120 Stat. 4']	[('Federal Circuit', 'Appellate Court'), ('International Trade Commission', 'Federal Court'), ('United States Court of International Trade', 'Federal Court')]
129	062 - Marvin Furniture (Shanghai) Co Ltd v US	['744 F.3d 1319', '725 F.3d 1295', '654 F.3d 1361', '467 U.S. 837', '545 U.S. 967']	['19 CFR § 351', '19 USC § 1677m', '28 USC § 1295', '19 USC § 1516a', '19 USC § 1673', '19 USC § 1675']	[('Federal Circuit', 'Appellate Court'), ('United States Court of International Trade', 'Federal Court')]
130	064 - Takeda Pharmaceuticals USA Inc v West-Ward Pharmaceutical Corp	['785 F.3d 625', '422 U.S. 922', '77 F.3d 1364', '566 F.3d 1372', '496 U.S. 661', '316 F.3d 1348', '108 F.3d 1361', '363 F.3d 1263', '545 U.S. 913', '850 F.2d 660', '581 F.3d 1317', '681 F.3d 1358', '620 F.3d 1321', '370 F.3d 1354', '406 F.3d 1365', '633 F.3d 1042', '248 F.3d 1376', '917 F.2d 544']	['21 USC § 355', '35 USC § 271', '28 USC § 1292']	[('Federal Circuit', 'Appellate Court'), ('District of Delaware', 'Federal District Court'), ('District of Delaware', 'Bankruptcy Court')]
131	081 - In re Becton Dickinson and Co	['675 F.3d 1368', '2010 WL 3164746', '671 F.2d 1332', '476 F.3d 1331', '278 F.3d 1268', '441 F.3d 957', '769 F.2d 764', '338 F.3d 1348', '229 F.3d 1080', '488 F.3d 960', '308 F.3d 1317', '734 F.2d 1482', '696 F.2d 968', '840 F.2d 1572', '586 F.3d 1352', '532 U.S. 23', '514 U.S. 159', '456 U.S. 844', '753 F.2d 1019']	['15 USC § 1052', '37 CFR § 2', '28 USC § 1295', '15 USC § 1071']	[('Federal Circuit', 'Appellate Court'), ('Trademark Trial and Appeal Board', 'Federal Court'), ('International Trade Commission', 'Federal Court')]
132	037 - Novo Nordisk AS v Caraco Pharmaceutical Laboratories Ltd	['719 F.3d 1346', '480 F.3d 1348', '676 F.3d 1063', '713 F.2d 1530', '683 F.3d 1356', '365 F.3d 1054', '483 F.3d 1364', '976 F.2d 1559', '533 F.3d 1353', '73 F.3d 1085', '678 F.3d 1280', '774 F.2d 448', '2013 WL 1810852', '946 F.2d 870', '596 F.2d 1012', '927 F.2d 588', '816 F.2d 643', '575 F.2d 865', '383 U.S. 1', '441 F.3d 977', '727 F.2d 1540', '53 C.C.P.A. 1011', '601 F.3d 1359', '688 F.3d 766', '100 F.3d 135']	['35 USC § 282', '35 USC § 145', '28 USC § 1295', '35 USC § 103', '98 Stat. 1585']	[('Federal Circuit', 'Appellate Court'), ('Eastern District of Michigan', 'Federal District Court'), ('Eastern District of Michigan', 'Bankruptcy Court')]
133	062 - Lexmark Intern Inc v Impression Products Inc	['816 F.3d 721', '553 U.S. 617', '264 F.3d 1094', '616 F.3d 1318', '2014 WL 1276133', '304 U.S. 175', '305 U.S. 124', '210 U.S. 339', '976 F.2d 700', '563 U.S. 754', '229 U.S. 1', '520 U.S. 17', '210 U.S. 405', '451 U.S. 77', '451 U.S. 304', '564 U.S. 410', '246 U.S. 8', '243 U.S. 502', '157 U.S. 659', '316 U.S. 241', '124 F.3d 1419', '2007 WL 3353102', '2007 WL 3276505', '253 U.S. 187', '144 U.S. 248', '138 U.S. 252', '323 U.S. 126', '273 U.S. 236', '448 U.S. 176', '149 U.S. 355', '272 U.S. 476', '551 U.S. 877', '327 Pa. 433', '199 Misc. 786', '279 A.D. 632', '99 N.H. 430', '346 P.2d 505', '325 A.2d 505', '433 U.S. 36', '388 U.S. 365', '547 U.S. 28', '466 U.S. 2', '522 U.S. 3', '390 U.S. 145', '220 U.S. 373', '394 F.3d 1368', '464 U.S. 417', '537 U.S. 186', '2012 WL 3902599', '376 F.2d 936', '133 U.S. 697', '406 U.S. 518', '542 U.S. 155', '499 U.S. 244', '529 U.S. 120', '515 U.S. 528', '499 U.S. 83', '547 U.S. 388', '24 F. 185', '84 F. 192', '170 F. 70', '160 F. 679', '266 F. 71', '55 U.S. 539', '68 U.S. 340', '83 U.S. 544', '84 U.S. 453', '224 U.S. 1', '118 U.S. 663', '646 F.3d 1357', '549 U.S. 118', '511 U.S. 298', '460 U.S. 533', '598 F.3d 1336', '229 F.3d 1345', '235 U.S. 641', '60 U.S. 183', '57 F. 524', '807 F.3d 1311', '365 U.S. 336', '261 U.S. 24', '238 U.S. 254', '117 U.S. 689', '94 U.S. 728', '523 U.S. 135', '535 U.S. 302', '533 U.S. 483', '480 U.S. 470', '459 U.S. 70', '458 U.S. 419', '444 U.S. 164', '356 U.S. 274', '312 U.S. 254', '301 U.S. 548', '300 U.S. 577', '540 U.S. 419', '442 U.S. 330', '381 U.S. 392', '302 U.S. 583', '287 U.S. 378', '278 U.S. 130', '269 U.S. 483', '105 U.S. 766', '302 U.S. 458', '314 U.S. 488', '314 U.S. 495', '320 U.S. 661', '320 U.S. 680', '187 U.S. 41', '2012 WL 2641850', '2012 WL 3836936', '489 U.S. 141', '243 U.S. 490', '216 F.3d 1180', '34 F.3d 1237', '627 F.2d 766', '454 U.S. 170', '485 U.S. 717', '148 F.2d 416', '468 U.S. 85']	['35 USC § 271', '17 USC § 109', '28 USC § 1295', '35 USC § 40', '35 USC § 262', '17 USC § 115', '35 USC § 261', '35 USC § 154', '19 USC § 3512', '21 USC § 381', '21 USC § 384', '35 USC § 283', '17 USC § 501', '35 USC § 273', '35 USC § 48', '38 Stat. 730', '118 Stat. 1103', '118 Stat. 919', '117 Stat. 948', '29 Stat. 693', '35 Stat. 1084']	[('Federal Circuit', 'Appellate Court'), ('Southern District of Ohio', 'Federal District Court'), ('Southern District of Ohio', 'Bankruptcy Court'), ('International Trade Commission', 'Federal Court'), ('Northern District of California', 'Federal District Court'), ('Northern District of California', 'Bankruptcy Court'), ('Second Circuit', 'Appellate Court'), ('Eighth Circuit', 'Appellate Court')]
134	010 - KS Himpp v Hear-Wear Technologies LLC	['751 F.3d 1362', '203 F.3d 1305', '305 U.S. 197', '383 U.S. 1', '550 U.S. 398', '258 F.3d 1379', '485 F.3d 1157', '393 U.S. 87', '692 F.3d 1289', '332 U.S. 194', '696 F.3d 1379', '725 F.2d 1350', '153 U.S. 120', '527 U.S. 150', '587 F.3d 1324', '57 C.C.P.A. 1023', '49 C.C.P.A. 779', '52 C.C.P.A. 930', '50 C.C.P.A. 1288', '48 C.C.P.A. 992', '41 C.C.P.A. 864', '608 F.3d 1333']	['37 CFR § 1', '28 USC § 1295', '35 USC § 103', '35 USC § 282', '125 Stat. 284']	[('Federal Circuit', 'Appellate Court')]
135	057 - Charles Mach Works Inc v Vermeer Mfg Co	['723 F.3d 1376', '209 F.3d 713', '477 U.S. 242', '138 F.3d 1448', '559 F.3d 1308', '703 F.3d 1349', '520 U.S. 17', '340 F.3d 1298']	['28 USC § 1295']	[('Federal Circuit', 'Appellate Court'), ('Southern District of Iowa', 'Federal District Court'), ('Southern District of Iowa', 'Bankruptcy Court'), ('Eighth Circuit', 'Appellate Court')]
136	013 - Triton Tech of Texas LLC v Nintendo of America Inc	['753 F.3d 1375', '521 F.3d 1328', '708 F.3d 1310', '732 F.3d 1376', '673 F.3d 1361', '490 F.3d 946', '700 F.3d 509']	['28 USC § 1295', '35 USC § 112']	[('Federal Circuit', 'Appellate Court'), ('Eastern District of Texas', 'Federal District Court'), ('Eastern District of Texas', 'Bankruptcy Court'), ('Western District of Washington', 'Federal District Court'), ('Western District of Washington', 'Bankruptcy Court')]
137	059 - InterDigital Communications LLC v International Trade Com'n	['707 F.3d 1295', '2007 WL 7597610', '2001 WL 1877710', '1992 WL 811299', '717 F.2d 1368', '342 F.3d 1361', '505 F.3d 1351', '598 F.3d 1294', '660 F.3d 1322', '1985 WL 303620', '1997 WL 696255', '2011 WL 7463395', '2012 WL 3610787']	['19 USC § 1337', '28 USC § 1659']	[('Federal Circuit', 'Appellate Court'), ('International Trade Commission', 'Federal Court')]
138	090 - In re Micron Technology Inc	['875 F.3d 1091', '2017 WL 3749419', '319 U.S. 21', '426 U.S. 394', '352 U.S. 249', '379 U.S. 104', '871 F.3d 1355', '820 F.3d 1287', '637 F.3d 1307', '545 F.3d 304', '388 U.S. 130', '362 F.3d 1', '768 F.3d 122', '646 F.2d 792', '836 F.3d 291', '525 F.3d 255', '181 F.3d 597', '891 F.2d 1174', '663 F.2d 686', '883 F.2d 505', '892 F.2d 1328', '219 F.3d 944', '791 F.2d 691', '849 F.2d 464', '805 F.2d 1437', '791 F.2d 850', '75 F.3d 704', '864 F.2d 804', '947 F.2d 469', '744 F.2d 1564', '386 F.3d 344', '917 F.2d 1574', '353 U.S. 222', '821 F.3d 1338', '370 U.S. 626', '7 Cranch 32', '517 U.S. 820', '487 U.S. 250', '308 U.S. 165', '324 U.S. 635', '278 U.S. 177', '592 F.2d 504', '253 F.2d 286', '2017 WL 4685333', '2017 WL 3167522']	['28 USC § 1406', '28 USC § 1400', '28 USC § 1651', '28 USC § 1391']	[('Federal Circuit', 'Appellate Court'), ('District of Massachusetts', 'Federal District Court'), ('District of Massachusetts', 'Bankruptcy Court'), ('District of Delaware', 'Federal District Court'), ('District of Delaware', 'Bankruptcy Court'), ('District of Idaho', 'Federal District Court'), ('District of Idaho', 'Bankruptcy Court')]
139	095 - ABB Turbo Systems AG v Turbousa Inc	['774 F.3d 979', '623 F.3d 1371', '416 U.S. 232', '355 U.S. 41', '556 U.S. 662', '551 U.S. 89', '358 F.3d 840', '12 F.3d 717', '688 F.3d 1311', '2010 WL 5209364', '925 F.2d 174', '749 F.3d 938', '671 F.3d 611']	['28 USC § 1338', '28 USC § 1367', '28 USC § 1295']	[('Federal Circuit', 'Appellate Court'), ('Southern District of Florida', 'Federal District Court'), ('Southern District of Florida', 'Bankruptcy Court'), ('Middle District of Florida', 'Federal District Court'), ('Middle District of Florida', 'Bankruptcy Court')]
140	075 - Phigenix Inc v Immunogen Inc	['845 F.3d 1168', '547 U.S. 332', '549 U.S. 497', '504 U.S. 555', '753 F.3d 1258', '292 F.3d 895', '793 F.3d 656', '733 F.3d 1030', '711 F.3d 844', '535 F.3d 670', '733 F.3d 939', '467 F.3d 391', '278 F.3d 641', '148 F.3d 25', '922 F.2d 220', '911 F.2d 644', '827 F.2d 155', '497 U.S. 871', '521 U.S. 811', '405 U.S. 727', '524 U.S. 236']	['28 USC § 1295', '35 USC § 141', '35 USC § 315']	[('Federal Circuit', 'Appellate Court'), ('Patent Trial and Appeal Board', 'Federal Court'), ('D.C. Circuit', 'Appellate Court'), ('Ninth Circuit', 'Appellate Court'), ('International Trade Commission', 'Federal Court')]
141	053 - Versata Development Group Inc v Lee	['793 F.3d 1352', '793 F.3d 1306', '767 F.3d 1383', '789 F.3d 1309', '749 F.3d 1373', '749 F.3d 1379', '749 F.3d 1376']	['5 USC § 704', '28 USC § 1295', '35 USC § 324', '125 Stat. 284']	[('Federal Circuit', 'Appellate Court'), ('Patent Trial and Appeal Board', 'Federal Court'), ('Eastern District of Virginia', 'Federal District Court'), ('Eastern District of Virginia', 'Bankruptcy Court')]
142	064 - Synopsys Inc v Mentor Graphics Corp	['814 F.3d 1309', '678 F.3d 1357', '749 F.3d 1373', '2016 WL 205946', '793 F.3d 1306', '516 U.S. 137', '69 F.3d 1147', '527 U.S. 150', '203 F.3d 1305', '390 F.3d 1361', '805 F.3d 1064', '192 F.3d 1362', '522 U.S. 359', '937 F.2d 657', '277 F.3d 1338', '318 U.S. 80', '789 F.3d 1292', '807 F.3d 1353', '482 F.3d 1317', '288 U.S. 294', '515 U.S. 417', '419 U.S. 65', '425 U.S. 185', '467 U.S. 837', '454 U.S. 27', '494 U.S. 152', '2013 U.S. Dist. LEXIS 163057', '2012 WL 6003311', '803 F.3d 652', '327 U.S. 358', '285 U.S. 22', '387 U.S. 136', '476 U.S. 667', '470 U.S. 821', '812 F.3d 1023', '721 F.3d 1330', '325 U.S. 410', '519 U.S. 452', '778 F.3d 1271']	['35 USC § 315', '35 USC § 314', '37 CFR § 42', '28 USC § 1295', '35 USC § 318', '35 USC § 319', '35 USC § 316', '35 USC § 311', '5 USC § 557', '37 CFR 42', '5 USC § 706', '35 USC § 313']	[('Federal Circuit', 'Appellate Court'), ('Patent Trial and Appeal Board', 'Federal Court'), ('International Trade Commission', 'Federal Court')]
143	036 - Starhome GmbH v AT And T Mobility LLC	['743 F.3d 849', '138 F.3d 1448', '669 F.3d 1362', '415 F.3d 1303', '90 F.3d 1576', '177 F.3d 968', '582 F.3d 1322', '549 F.3d 1394', '405 F.3d 1367', '657 F.3d 1264']	['28 USC § 1295']	[('Federal Circuit', 'Appellate Court'), ('District of Delaware', 'Federal District Court'), ('District of Delaware', 'Bankruptcy Court')]
144	029 - Motiva LLC v International Trade Com'n	['716 F.3d 596', '707 F.3d 1295']	['19 USC § 1337']	[('Federal Circuit', 'Appellate Court'), ('International Trade Commission', 'Federal Court'), ('Eastern District of Texas', 'Federal District Court'), ('Eastern District of Texas', 'Bankruptcy Court'), ('Western District of Washington', 'Federal District Court'), ('Western District of Washington', 'Bankruptcy Court')]
145	058 - OSRAM Sylvania Inc v American Induction Technologies Inc	['701 F.3d 698', '441 F.3d 991', '149 F.3d 1309', '477 U.S. 242', '498 F.3d 1307', '522 F.3d 1348', '950 F.2d 714', '632 F.3d 1358', '246 F.3d 1368', '668 F.3d 1340', '550 F.3d 1075', '16 F.3d 380', '480 F.3d 1348', '580 F.3d 1340', '550 U.S. 398', '403 F.3d 1364', '116 F.3d 1454', '608 F.3d 1333', '676 F.3d 1063', '234 F.3d 654', '699 F.3d 1340', '662 F.2d 641']	['28 USC § 1295', '35 USC § 102', '35 USC § 103']	[('Federal Circuit', 'Appellate Court'), ('Central District of California', 'Federal District Court'), ('Central District of California', 'Bankruptcy Court'), ('Ninth Circuit', 'Appellate Court')]
146	028 - Shenyang Yuanda Aluminum Industry Engineering Co Ltd v US	['776 F.3d 1351', '709 F.3d 1134', '296 F.3d 1087', '60 F.3d 778', '674 F.3d 1343', '164 F.3d 596', '484 F.3d 1371', '620 F.3d 1350', '537 U.S. 149', '367 U.S. 303']	['19 CFR § 351', '19 USC § 1677', '28 USC § 1295']	[('Federal Circuit', 'Appellate Court'), ('United States Court of International Trade', 'Federal Court'), ('International Trade Commission', 'Federal Court')]
147	055 - Vederi LLC v Google Inc	['744 F.3d 1376', '415 F.3d 1303', '657 F.3d 1264', '395 F.3d 1364', '674 F.3d 1315']	['28 USC § 1295']	[('Federal Circuit', 'Appellate Court'), ('Central District of California', 'Federal District Court'), ('Central District of California', 'Bankruptcy Court')]
148	085 - Clare v Chrysler Group LLC	['819 F.3d 1323', '2014 WL 6886292', '778 F.3d 1021', '2 F.3d 697', '477 U.S. 242', '2014 WL 2514563', '521 F.3d 1351', '90 F.3d 1576', '343 F.3d 1364']	['28 USC § 1295', '35 USC § 112']	[('Federal Circuit', 'Appellate Court'), ('Eastern District of Michigan', 'Federal District Court'), ('Eastern District of Michigan', 'Bankruptcy Court'), ('Sixth Circuit', 'Appellate Court')]
149	073 - SAS Institute Inc v Complementsoft LLC	['842 F.3d 1223', '814 F.3d 1309', '107 U.S. 147', '467 U.S. 837']	['35 USC § 311', '35 USC § 312', '35 USC § 313', '35 USC § 314', '35 USC § 315', '35 USC § 316', '37 CFR 42', '5 USC § 706', '35 USC § 318', '35 USC § 18']	[('Federal Circuit', 'Appellate Court'), ('Patent Trial and Appeal Board', 'Federal Court'), ('International Trade Commission', 'Federal Court')]
150	061 - AFTG-TG LLC v Nuvoton Technology Corp	['689 F.3d 1358', '395 F.3d 1275', '647 P.2d 1068', '232 F.3d 1369', '471 U.S. 462', '466 U.S. 408', '626 F.3d 1222', '480 U.S. 102', '357 U.S. 235', '430 U.S. 188', '84 F.3d 424', '395 F.3d 1315', '552 F.3d 1324', '2011 WL 4443626', '2011 U.S. Dist. LEXIS 109255']	[]	[('Federal Circuit', 'Appellate Court'), ('District of Wyoming', 'Federal District Court'), ('District of Wyoming', 'Bankruptcy Court'), ('Sixth Circuit', 'Appellate Court'), ('Fifth Circuit', 'Appellate Court')]
151	060 - In re Smith	['815 F.3d 816', '500 F.3d 1346', '421 F.3d 1365']	['35 USC § 101', '28 USC § 1295', '35 USC § 141']	[('Federal Circuit', 'Appellate Court'), ('Patent Trial and Appeal Board', 'Federal Court')]
152	026 - Commil USA LLC v Cisco Systems Inc	['737 F.3d 699', '720 F.3d 1361', '731 F.3d 1336', '320 F.3d 1354', '721 F.2d 1563', '827 F.2d 1524']	['35 USC § 271']	[('Federal Circuit', 'Appellate Court'), ('Eastern District of Texas', 'Federal District Court'), ('Eastern District of Texas', 'Bankruptcy Court')]
153	077 - Carnegie Mellon University v Marvell Technology Group Ltd	['807 F.3d 1283', '829 F.2d 367', '292 F.3d 375', '50 F.3d 1204', '722 F.2d 1542', '2010 WL 3937157', '2011 WL 4527353', '2014 WL 183212', '532 F.3d 1352', '60 F.3d 770', '173 U.S. 38', '551 U.S. 47', '769 F.3d 1073', '769 F.3d 1371', '764 F.3d 1366', '682 F.3d 1003', '631 F.3d 1372', '567 F.3d 1314', '509 U.S. 579', '2012 WL 6562221', '757 F.3d 1286', '792 F.3d 1339', '2015 WL 3687459', '580 F.3d 1301', '235 U.S. 641', '782 F.3d 1324', '777 F.3d 1363', '298 F.3d 1302', '774 F.3d 766', '767 F.3d 1308', '626 F.3d 1197', '406 U.S. 518', '561 U.S. 247', '711 F.3d 1348', '791 F.3d 1340', '553 U.S. 617', '105 U.S. 253', '778 F.3d 1365', '191 U.S. 441', '424 F.3d 344', '424 F.3d 336', '2014 WL 7460970']	['35 USC § 271', '35 USC § 284', '28 USC § 1295', '35 USC § 282', '35 USC § 101']	[('Federal Circuit', 'Appellate Court'), ('Western District of Pennsylvania', 'Federal District Court'), ('Western District of Pennsylvania', 'Bankruptcy Court'), ('Third Circuit', 'Appellate Court')]
154	092 - Sonix Technology Co Ltd v Publications International Ltd	['844 F.3d 1370', '2015 WL 8153600', '417 F.3d 1342', '766 F.3d 1364', '599 F.3d 1325', '807 F.3d 1346', '789 F.3d 1335', '242 U.S. 261', '261 U.S. 45', '599 F.3d 1332', '778 F.3d 1365', '824 F.3d 1344', '774 F.3d 1371']	['35 USC § 112', '28 USC § 1295', '125 Stat. 284']	[('Federal Circuit', 'Appellate Court'), ('Northern District of Illinois', 'Federal District Court'), ('Northern District of Illinois', 'Bankruptcy Court')]
155	059 - Solvay SA v Honeywell Intern Inc	['742 F.3d 998', '166 F.3d 1172', '622 F.3d 1367', '802 F.2d 1367', '254 F.3d 1031', '243 F.3d 1316', '687 F.2d 459', '535 F.2d 72', '428 U.S. 106', '256 F.3d 1323', '138 F.3d 1448', '327 F.3d 1364', '200 F.3d 795', '101 F.2d 541', '39 C.C.P.A. 730', '36 C.C.P.A. 1045', '699 F.2d 1156', '281 F.3d 1243', '777 F.2d 687', '927 F.2d 1200', '122 F.3d 1396', '745 F.2d 1437', '558 F.2d 22', '54 F.3d 756', '916 F.2d 1561']	['35 USC § 102', '28 USC § 1295', '35 USC § 119']	[('Federal Circuit', 'Appellate Court'), ('District of Delaware', 'Federal District Court'), ('District of Delaware', 'Bankruptcy Court')]
156	071 - Dependable Packaging Solutions Inc v US	['757 F.3d 1374', '660 F.3d 1311', '454 F.3d 1361', '2013 WL 646328', '148 F.3d 1363', '140 F.3d 1437', '182 F.3d 1333', '646 F.3d 1371', '541 F.3d 1129', '195 F.3d 1375', '872 F.2d 1572', '649 F.3d 1361', '160 F.3d 710', '182 F.3d 1362', '976 F.2d 693', '536 F.2d 373', '671 F.3d 1310', '282 F.3d 1349']	['28 USC § 1295', '19 USC § 3004', '28 USC § 2639']	[('Federal Circuit', 'Appellate Court')]
157	003 - Comcast IP Holdings I LLC v Sprint Communications Company LP	['850 F.3d 1302', '780 F.3d 1159', '292 F.3d 375', '357 F.3d 366', '956 F.2d 436', '843 F.3d 1315', '523 F.3d 1323', '417 F.3d 1241', '308 F.3d 1167', '124 F.3d 1419', '744 F.2d 797', '424 F.3d 1168', '285 F.3d 1362', '340 F.3d 1314', '812 F.3d 1040', '582 F.3d 1288', '334 F.3d 1314', '339 F.3d 1352', '525 F.3d 1200', '461 U.S. 648', '716 F.2d 1550']	['28 USC § 1295', '35 USC § 284']	[('Federal Circuit', 'Appellate Court'), ('District of Delaware', 'Federal District Court'), ('District of Delaware', 'Bankruptcy Court'), ('Third Circuit', 'Appellate Court')]
158	023 - Suprema Inc v International Trade Com'n	['796 F.3d 1338', '2014 WL 3036241', '563 U.S. 754', '362 F.3d 1359', '151 F.3d 1376', '467 U.S. 837', '670 F.3d 1370', '246 F.3d 1336', '365 U.S. 336', '76 F.3d 1185', '754 F.2d 345', '43 C.C.P.A. 56', '22 C.C.P.A. 149', '721 F.2d 1305', '605 F.3d 1330', '924 F.2d 1029', '949 F.2d 1147', '495 F.3d 1355', '799 F.2d 1559', '161 F.3d 1347', '545 F.3d 1340', '519 U.S. 337', '2012 WL 3246515', '418 F.3d 1282', '179 U.S. 463', '316 F.3d 1348', '514 U.S. 386', '17 C.C.P.A. 494', '442 U.S. 330', '562 U.S. 562', '1982 WL 61887', '333 U.S. 611', '2006 WL 3920334', '742 F.3d 1350', '508 U.S. 402', '746 F.3d 1045', '711 F.3d 1348', '694 F.3d 51', '620 F.3d 1321', '580 F.3d 1301', '550 F.3d 1325', '471 F.3d 1293', '326 F.3d 1255', '265 F.3d 1336', '850 F.2d 660', '2011 WL 3489151', '2011 WL 6017982', '2007 WL 4473082', '1997 WL 665006', '7 Wall. 482', '529 U.S. 120', '490 U.S. 730', '480 U.S. 678', '480 U.S. 616']	['19 USC § 1337', '19 CFR § 210', '35 USC § 271', '35 USC § 281', '35 USC 271', '35 USC § 283', '1 Stat. 24', '42 Stat. 858', '46 Stat. 590', '39 Stat. 795', '102 Stat. 1107', '102 Stat. 1211', '42 Stat. 935']	[('Federal Circuit', 'Appellate Court'), ('International Trade Commission', 'Federal Court')]
